行政區別,村里別,1_柯文哲/吳欣盈,10-010_1_黨籍,2_賴清德/蕭美琴,10-010_2_黨籍,3_侯友宜/趙少康,10-010_3_黨籍,有效票數A,無效票數B,投票數C,已領未投票數D,發出票數E,用餘票數F,選舉人數G,投票率H
太保市,太保里,904,無黨籍及未經政黨推薦,1316,民主進步黨,1108,中國國民黨,3328,36,3364,0,3364,1344,4708,71.45
太保市,後庄里,146,無黨籍及未經政黨推薦,328,民主進步黨,122,中國國民黨,596,4,600,0,600,272,872,68.81
太保市,前潭里,422,無黨籍及未經政黨推薦,1048,民主進步黨,522,中國國民黨,1992,18,2010,0,2010,746,2756,72.93
太保市,後潭里,654,無黨籍及未經政黨推薦,1146,民主進步黨,690,中國國民黨,2490,14,2504,0,2504,934,3438,72.83
太保市,梅埔里,368,無黨籍及未經政黨推薦,670,民主進步黨,490,中國國民黨,1528,18,1546,0,1546,600,2146,72.04
太保市,春珠里,400,無黨籍及未經政黨推薦,824,民主進步黨,434,中國國民黨,1658,16,1674,0,1674,688,2362,70.87
太保市,崙頂里,268,無黨籍及未經政黨推薦,510,民主進步黨,362,中國國民黨,1140,12,1152,0,1152,428,1580,72.91
太保市,東勢里,734,無黨籍及未經政黨推薦,1216,民主進步黨,798,中國國民黨,2748,12,2760,0,2760,910,3670,75.2
太保市,新埤里,412,無黨籍及未經政黨推薦,912,民主進步黨,390,中國國民黨,1714,6,1720,0,1720,700,2420,71.07
太保市,舊埤里,1066,無黨籍及未經政黨推薦,1564,民主進步黨,924,中國國民黨,3554,32,3586,0,3586,1556,5142,69.74
太保市,田尾里,180,無黨籍及未經政黨推薦,450,民主進步黨,292,中國國民黨,922,8,930,0,930,426,1356,68.58
太保市,港尾里,166,無黨籍及未經政黨推薦,364,民主進步黨,228,中國國民黨,758,6,764,0,764,290,1054,72.49
太保市,過溝里,1408,無黨籍及未經政黨推薦,2340,民主進步黨,1214,中國國民黨,4962,40,5002,0,5002,1956,6958,71.89
太保市,麻寮里,1976,無黨籍及未經政黨推薦,2888,民主進步黨,1634,中國國民黨,6498,56,6554,0,6554,2730,9284,70.59
太保市,南新里,660,無黨籍及未經政黨推薦,1388,民主進步黨,536,中國國民黨,2584,16,2600,0,2600,944,3544,73.36
太保市,北新里,1336,無黨籍及未經政黨推薦,2078,民主進步黨,986,中國國民黨,4400,30,4430,0,4430,1842,6272,70.63
太保市,埤鄉里,228,無黨籍及未經政黨推薦,448,民主進步黨,244,中國國民黨,920,4,924,0,924,358,1282,72.07
太保市,安仁里,1104,無黨籍及未經政黨推薦,1518,民主進步黨,1290,中國國民黨,3912,32,3944,0,3944,1490,5434,72.58
朴子市,安福里,560,無黨籍及未經政黨推薦,1052,民主進步黨,996,中國國民黨,2608,24,2632,0,2632,1000,3632,72.47
朴子市,平和里,750,無黨籍及未經政黨推薦,1336,民主進步黨,1198,中國國民黨,3284,28,3312,0,3312,1224,4536,73.02
朴子市,內厝里,340,無黨籍及未經政黨推薦,778,民主進步黨,438,中國國民黨,1556,8,1564,0,1564,542,2106,74.26
朴子市,開元里,68,無黨籍及未經政黨推薦,254,民主進步黨,198,中國國民黨,520,4,524,0,524,174,698,75.07
朴子市,順天里,156,無黨籍及未經政黨推薦,426,民主進步黨,284,中國國民黨,866,4,870,0,870,316,1186,73.36
朴子市,中正里,168,無黨籍及未經政黨推薦,352,民主進步黨,338,中國國民黨,858,12,870,0,870,278,1148,75.78
朴子市,博厚里,262,無黨籍及未經政黨推薦,578,民主進步黨,414,中國國民黨,1254,8,1262,0,1262,396,1658,76.12
朴子市,文化里,454,無黨籍及未經政黨推薦,1010,民主進步黨,838,中國國民黨,2302,18,2320,0,2320,880,3200,72.5
朴子市,永和里,718,無黨籍及未經政黨推薦,1718,民主進步黨,1004,中國國民黨,3440,16,3456,0,3456,1434,4890,70.67
朴子市,竹圍里,1448,無黨籍及未經政黨推薦,2630,民主進步黨,1986,中國國民黨,6064,46,6110,0,6110,2162,8272,73.86
朴子市,新寮里,178,無黨籍及未經政黨推薦,396,民主進步黨,280,中國國民黨,854,8,862,0,862,408,1270,67.87
朴子市,双溪里,118,無黨籍及未經政黨推薦,368,民主進步黨,276,中國國民黨,762,16,778,0,778,418,1196,65.05
朴子市,溪口里,224,無黨籍及未經政黨推薦,476,民主進步黨,344,中國國民黨,1044,8,1052,0,1052,436,1488,70.7
朴子市,德興里,250,無黨籍及未經政黨推薦,794,民主進步黨,416,中國國民黨,1460,6,1466,0,1466,524,1990,73.67
朴子市,仁和里,820,無黨籍及未經政黨推薦,1130,民主進步黨,746,中國國民黨,2696,20,2716,0,2716,1058,3774,71.97
朴子市,大鄉里,992,無黨籍及未經政黨推薦,1986,民主進步黨,1324,中國國民黨,4302,50,4352,0,4352,1836,6188,70.33
朴子市,大葛里,998,無黨籍及未經政黨推薦,1802,民主進步黨,1402,中國國民黨,4202,26,4228,0,4228,1574,5802,72.87
朴子市,佳禾里,200,無黨籍及未經政黨推薦,452,民主進步黨,290,中國國民黨,942,12,954,0,954,434,1388,68.73
朴子市,竹村里,344,無黨籍及未經政黨推薦,734,民主進步黨,432,中國國民黨,1510,8,1518,0,1518,574,2092,72.56
朴子市,崁前里,198,無黨籍及未經政黨推薦,600,民主進步黨,290,中國國民黨,1088,18,1106,0,1106,556,1662,66.55
朴子市,順安里,42,無黨籍及未經政黨推薦,192,民主進步黨,70,中國國民黨,304,2,306,0,306,144,450,68.0
朴子市,崁後里,176,無黨籍及未經政黨推薦,498,民主進步黨,208,中國國民黨,882,16,898,0,898,462,1360,66.03
朴子市,德家里,156,無黨籍及未經政黨推薦,530,民主進步黨,294,中國國民黨,980,12,992,0,992,478,1470,67.48
朴子市,新庄里,202,無黨籍及未經政黨推薦,400,民主進步黨,286,中國國民黨,888,10,898,0,898,392,1290,69.61
朴子市,梅華里,224,無黨籍及未經政黨推薦,796,民主進步黨,324,中國國民黨,1344,12,1356,0,1356,572,1928,70.33
朴子市,松華里,250,無黨籍及未經政黨推薦,924,民主進步黨,326,中國國民黨,1500,16,1516,0,1516,804,2320,65.34
朴子市,南竹里,104,無黨籍及未經政黨推薦,424,民主進步黨,108,中國國民黨,636,4,640,0,640,292,932,68.67
布袋鎮,岱江里,146,無黨籍及未經政黨推薦,320,民主進步黨,270,中國國民黨,736,10,746,0,746,374,1120,66.61
布袋鎮,九龍里,96,無黨籍及未經政黨推薦,200,民主進步黨,150,中國國民黨,446,4,450,0,450,214,664,67.77
布袋鎮,岑海里,636,無黨籍及未經政黨推薦,1188,民主進步黨,924,中國國民黨,2748,36,2784,0,2784,1410,4194,66.38
布袋鎮,興中里,284,無黨籍及未經政黨推薦,582,民主進步黨,476,中國國民黨,1342,16,1358,0,1358,636,1994,68.1
布袋鎮,光復里,398,無黨籍及未經政黨推薦,954,民主進步黨,744,中國國民黨,2096,14,2110,0,2110,952,3062,68.91
布袋鎮,見龍里,286,無黨籍及未經政黨推薦,518,民主進步黨,294,中國國民黨,1098,14,1112,0,1112,498,1610,69.07
布袋鎮,新厝里,184,無黨籍及未經政黨推薦,334,民主進步黨,296,中國國民黨,814,4,818,0,818,472,1290,63.41
布袋鎮,龍江里,176,無黨籍及未經政黨推薦,416,民主進步黨,286,中國國民黨,878,4,882,0,882,518,1400,63.0
布袋鎮,新岑里,202,無黨籍及未經政黨推薦,672,民主進步黨,314,中國國民黨,1188,12,1200,0,1200,556,1756,68.34
布袋鎮,新民里,314,無黨籍及未經政黨推薦,774,民主進步黨,466,中國國民黨,1554,34,1588,0,1588,918,2506,63.37
布袋鎮,復興里,624,無黨籍及未經政黨推薦,1466,民主進步黨,782,中國國民黨,2872,24,2896,0,2896,1520,4416,65.58
布袋鎮,好美里,298,無黨籍及未經政黨推薦,702,民主進步黨,342,中國國民黨,1342,8,1350,0,1350,788,2138,63.14
布袋鎮,永安里,250,無黨籍及未經政黨推薦,628,民主進步黨,428,中國國民黨,1306,16,1322,0,1322,712,2034,65.0
布袋鎮,東港里,500,無黨籍及未經政黨推薦,1200,民主進步黨,700,中國國民黨,2400,22,2422,0,2422,1144,3566,67.92
布袋鎮,江山里,60,無黨籍及未經政黨推薦,198,民主進步黨,122,中國國民黨,380,4,384,0,384,150,534,71.91
布袋鎮,菜舖里,44,無黨籍及未經政黨推薦,216,民主進步黨,188,中國國民黨,448,6,454,0,454,256,710,63.94
布袋鎮,考試里,28,無黨籍及未經政黨推薦,214,民主進步黨,94,中國國民黨,336,4,340,0,340,188,528,64.39
布袋鎮,振寮里,196,無黨籍及未經政黨推薦,300,民主進步黨,346,中國國民黨,842,6,848,0,848,480,1328,63.86
布袋鎮,西安里,198,無黨籍及未經政黨推薦,694,民主進步黨,462,中國國民黨,1354,10,1364,0,1364,750,2114,64.52
布袋鎮,東安里,304,無黨籍及未經政黨推薦,928,民主進步黨,436,中國國民黨,1668,22,1690,0,1690,754,2444,69.15
布袋鎮,中安里,298,無黨籍及未經政黨推薦,936,民主進步黨,422,中國國民黨,1656,22,1678,0,1678,870,2548,65.86
布袋鎮,樹林里,160,無黨籍及未經政黨推薦,398,民主進步黨,196,中國國民黨,754,6,760,0,760,300,1060,71.7
布袋鎮,貴舍里,110,無黨籍及未經政黨推薦,446,民主進步黨,214,中國國民黨,770,6,776,0,776,402,1178,65.87
大林鎮,東林里,134,無黨籍及未經政黨推薦,354,民主進步黨,212,中國國民黨,700,4,704,0,704,262,966,72.88
大林鎮,西林里,624,無黨籍及未經政黨推薦,1208,民主進步黨,820,中國國民黨,2652,4,2656,0,2656,926,3582,74.15
大林鎮,吉林里,254,無黨籍及未經政黨推薦,544,民主進步黨,474,中國國民黨,1272,8,1280,0,1280,444,1724,74.25
大林鎮,平林里,2260,無黨籍及未經政黨推薦,3630,民主進步黨,2614,中國國民黨,8504,64,8568,0,8568,3136,11704,73.21
大林鎮,明華里,344,無黨籍及未經政黨推薦,770,民主進步黨,388,中國國民黨,1502,8,1510,0,1510,640,2150,70.23
大林鎮,明和里,822,無黨籍及未經政黨推薦,1060,民主進步黨,768,中國國民黨,2650,18,2668,0,2668,1092,3760,70.96
大林鎮,排路里,130,無黨籍及未經政黨推薦,476,民主進步黨,174,中國國民黨,780,8,788,0,788,330,1118,70.48
大林鎮,西結里,174,無黨籍及未經政黨推薦,570,民主進步黨,154,中國國民黨,898,14,912,0,912,418,1330,68.57
大林鎮,湖北里,146,無黨籍及未經政黨推薦,438,民主進步黨,222,中國國民黨,806,4,810,0,810,352,1162,69.71
大林鎮,大糖里,26,無黨籍及未經政黨推薦,102,民主進步黨,102,中國國民黨,230,2,232,0,232,108,340,68.24
大林鎮,大美里,468,無黨籍及未經政黨推薦,838,民主進步黨,614,中國國民黨,1920,14,1934,0,1934,1008,2942,65.74
大林鎮,過溪里,378,無黨籍及未經政黨推薦,946,民主進步黨,570,中國國民黨,1894,18,1912,0,1912,808,2720,70.29
大林鎮,中坑里,336,無黨籍及未經政黨推薦,836,民主進步黨,586,中國國民黨,1758,18,1776,0,1776,806,2582,68.78
大林鎮,上林里,234,無黨籍及未經政黨推薦,514,民主進步黨,326,中國國民黨,1074,2,1076,0,1076,428,1504,71.54
大林鎮,中林里,480,無黨籍及未經政黨推薦,1158,民主進步黨,438,中國國民黨,2076,12,2088,0,2088,822,2910,71.75
大林鎮,三和里,692,無黨籍及未經政黨推薦,1178,民主進步黨,884,中國國民黨,2754,14,2768,0,2768,1224,3992,69.34
大林鎮,溝背里,242,無黨籍及未經政黨推薦,646,民主進步黨,328,中國國民黨,1216,18,1234,0,1234,516,1750,70.51
大林鎮,義和里,220,無黨籍及未經政黨推薦,364,民主進步黨,284,中國國民黨,868,6,874,0,874,376,1250,69.92
大林鎮,內林里,178,無黨籍及未經政黨推薦,388,民主進步黨,344,中國國民黨,910,6,916,0,916,340,1256,72.93
大林鎮,三角里,212,無黨籍及未經政黨推薦,434,民主進步黨,418,中國國民黨,1064,8,1072,0,1072,486,1558,68.81
大林鎮,三村里,294,無黨籍及未經政黨推薦,484,民主進步黨,302,中國國民黨,1080,6,1086,0,1086,456,1542,70.43
民雄鄉,東榮村,734,無黨籍及未經政黨推薦,1366,民主進步黨,958,中國國民黨,3058,24,3082,0,3082,1380,4462,69.07
民雄鄉,中樂村,464,無黨籍及未經政黨推薦,936,民主進步黨,794,中國國民黨,2194,12,2206,0,2206,720,2926,75.39
民雄鄉,西安村,1066,無黨籍及未經政黨推薦,2316,民主進步黨,1338,中國國民黨,4720,20,4740,0,4740,1732,6472,73.24
民雄鄉,寮頂村,866,無黨籍及未經政黨推薦,1446,民主進步黨,818,中國國民黨,3130,12,3142,0,3142,1054,4196,74.88
民雄鄉,福權村,536,無黨籍及未經政黨推薦,1226,民主進步黨,486,中國國民黨,2248,16,2264,0,2264,756,3020,74.97
民雄鄉,東湖村,588,無黨籍及未經政黨推薦,1018,民主進步黨,742,中國國民黨,2348,26,2374,0,2374,1082,3456,68.69
民雄鄉,頂崙村,522,無黨籍及未經政黨推薦,910,民主進步黨,546,中國國民黨,1978,26,2004,0,2004,834,2838,70.61
民雄鄉,菁埔村,520,無黨籍及未經政黨推薦,1414,民主進步黨,388,中國國民黨,2322,10,2332,0,2332,884,3216,72.51
民雄鄉,中和村,422,無黨籍及未經政黨推薦,614,民主進步黨,416,中國國民黨,1452,8,1460,0,1460,512,1972,74.04
民雄鄉,平和村,272,無黨籍及未經政黨推薦,596,民主進步黨,302,中國國民黨,1170,14,1184,0,1184,430,1614,73.36
民雄鄉,西昌村,306,無黨籍及未經政黨推薦,682,民主進步黨,240,中國國民黨,1228,18,1246,0,1246,384,1630,76.44
民雄鄉,豊收村,722,無黨籍及未經政黨推薦,1368,民主進步黨,926,中國國民黨,3016,30,3046,0,3046,1208,4254,71.6
民雄鄉,三興村,538,無黨籍及未經政黨推薦,914,民主進步黨,548,中國國民黨,2000,12,2012,0,2012,662,2674,75.24
民雄鄉,東興村,160,無黨籍及未經政黨推薦,344,民主進步黨,206,中國國民黨,710,4,714,0,714,290,1004,71.12
民雄鄉,鎮北村,604,無黨籍及未經政黨推薦,902,民主進步黨,564,中國國民黨,2070,22,2092,0,2092,754,2846,73.51
民雄鄉,興中村,610,無黨籍及未經政黨推薦,1104,民主進步黨,716,中國國民黨,2430,10,2440,0,2440,1046,3486,69.99
民雄鄉,興南村,1114,無黨籍及未經政黨推薦,1654,民主進步黨,906,中國國民黨,3674,38,3712,0,3712,1652,5364,69.2
民雄鄉,福興村,696,無黨籍及未經政黨推薦,1440,民主進步黨,704,中國國民黨,2840,16,2856,0,2856,1012,3868,73.84
民雄鄉,文隆村,1026,無黨籍及未經政黨推薦,1440,民主進步黨,1112,中國國民黨,3578,26,3604,0,3604,1270,4874,73.94
民雄鄉,山中村,1250,無黨籍及未經政黨推薦,2542,民主進步黨,1198,中國國民黨,4990,22,5012,0,5012,1832,6844,73.23
民雄鄉,中央村,386,無黨籍及未經政黨推薦,978,民主進步黨,380,中國國民黨,1744,18,1762,0,1762,686,2448,71.98
民雄鄉,北斗村,2096,無黨籍及未經政黨推薦,3178,民主進步黨,1932,中國國民黨,7206,58,7264,0,7264,3052,10316,70.41
民雄鄉,双福村,990,無黨籍及未經政黨推薦,1412,民主進步黨,1102,中國國民黨,3504,22,3526,0,3526,1288,4814,73.24
民雄鄉,大崎村,1072,無黨籍及未經政黨推薦,1236,民主進步黨,916,中國國民黨,3224,30,3254,0,3254,1342,4596,70.8
民雄鄉,秀林村,956,無黨籍及未經政黨推薦,1680,民主進步黨,996,中國國民黨,3632,28,3660,0,3660,1534,5194,70.47
民雄鄉,松山村,550,無黨籍及未經政黨推薦,982,民主進步黨,616,中國國民黨,2148,22,2170,0,2170,1178,3348,64.81
民雄鄉,金興村,1052,無黨籍及未經政黨推薦,1776,民主進步黨,1210,中國國民黨,4038,38,4076,0,4076,1688,5764,70.71
民雄鄉,福樂村,2670,無黨籍及未經政黨推薦,3950,民主進步黨,2796,中國國民黨,9416,62,9478,0,9478,3622,13100,72.35
溪口鄉,溪東村,402,無黨籍及未經政黨推薦,800,民主進步黨,490,中國國民黨,1692,28,1720,0,1720,700,2420,71.07
溪口鄉,溪西村,150,無黨籍及未經政黨推薦,468,民主進步黨,278,中國國民黨,896,4,900,0,900,368,1268,70.98
溪口鄉,溪北村,204,無黨籍及未經政黨推薦,392,民主進步黨,222,中國國民黨,818,14,832,0,832,370,1202,69.22
溪口鄉,游東村,212,無黨籍及未經政黨推薦,732,民主進步黨,266,中國國民黨,1210,18,1228,0,1228,574,1802,68.15
溪口鄉,游西村,166,無黨籍及未經政黨推薦,506,民主進步黨,154,中國國民黨,826,12,838,0,838,406,1244,67.36
溪口鄉,柴林村,200,無黨籍及未經政黨推薦,564,民主進步黨,172,中國國民黨,936,10,946,0,946,476,1422,66.53
溪口鄉,林腳村,194,無黨籍及未經政黨推薦,554,民主進步黨,202,中國國民黨,950,8,958,0,958,554,1512,63.36
溪口鄉,美南村,332,無黨籍及未經政黨推薦,764,民主進步黨,290,中國國民黨,1386,10,1396,0,1396,708,2104,66.35
溪口鄉,美北村,268,無黨籍及未經政黨推薦,696,民主進步黨,322,中國國民黨,1286,14,1300,0,1300,536,1836,70.81
溪口鄉,本厝村,250,無黨籍及未經政黨推薦,658,民主進步黨,328,中國國民黨,1236,4,1240,0,1240,514,1754,70.7
溪口鄉,柳溝村,356,無黨籍及未經政黨推薦,914,民主進步黨,436,中國國民黨,1706,16,1722,0,1722,686,2408,71.51
溪口鄉,疊溪村,306,無黨籍及未經政黨推薦,720,民主進步黨,316,中國國民黨,1342,8,1350,0,1350,556,1906,70.83
溪口鄉,妙崙村,196,無黨籍及未經政黨推薦,444,民主進步黨,244,中國國民黨,884,14,898,0,898,374,1272,70.6
溪口鄉,坪頂村,256,無黨籍及未經政黨推薦,662,民主進步黨,254,中國國民黨,1172,16,1188,0,1188,494,1682,70.63
新港鄉,宮前村,842,無黨籍及未經政黨推薦,1380,民主進步黨,930,中國國民黨,3152,24,3176,0,3176,1146,4322,73.48
新港鄉,宮後村,448,無黨籍及未經政黨推薦,1110,民主進步黨,530,中國國民黨,2088,16,2104,0,2104,836,2940,71.56
新港鄉,大興村,400,無黨籍及未經政黨推薦,1098,民主進步黨,494,中國國民黨,1992,10,2002,0,2002,712,2714,73.77
新港鄉,福德村,486,無黨籍及未經政黨推薦,1060,民主進步黨,640,中國國民黨,2186,26,2212,0,2212,894,3106,71.22
新港鄉,古民村,360,無黨籍及未經政黨推薦,1130,民主進步黨,338,中國國民黨,1828,16,1844,0,1844,804,2648,69.64
新港鄉,中庄村,490,無黨籍及未經政黨推薦,1248,民主進步黨,426,中國國民黨,2164,26,2190,0,2190,906,3096,70.74
新港鄉,大潭村,530,無黨籍及未經政黨推薦,1248,民主進步黨,442,中國國民黨,2220,20,2240,0,2240,960,3200,70.0
新港鄉,西庄村,274,無黨籍及未經政黨推薦,596,民主進步黨,322,中國國民黨,1192,8,1200,0,1200,544,1744,68.81
新港鄉,埤子村,142,無黨籍及未經政黨推薦,420,民主進步黨,146,中國國民黨,708,10,718,0,718,308,1026,69.98
新港鄉,南崙村,226,無黨籍及未經政黨推薦,866,民主進步黨,114,中國國民黨,1206,20,1226,0,1226,456,1682,72.89
新港鄉,北崙村,130,無黨籍及未經政黨推薦,396,民主進步黨,74,中國國民黨,600,8,608,0,608,286,894,68.01
新港鄉,海瀛村,120,無黨籍及未經政黨推薦,382,民主進步黨,156,中國國民黨,658,4,662,0,662,280,942,70.28
新港鄉,月眉村,514,無黨籍及未經政黨推薦,1314,民主進步黨,444,中國國民黨,2272,24,2296,0,2296,838,3134,73.26
新港鄉,月潭村,448,無黨籍及未經政黨推薦,1166,民主進步黨,404,中國國民黨,2018,12,2030,0,2030,906,2936,69.14
新港鄉,溪北村,366,無黨籍及未經政黨推薦,1028,民主進步黨,432,中國國民黨,1826,18,1844,0,1844,672,2516,73.29
新港鄉,三間村,624,無黨籍及未經政黨推薦,970,民主進步黨,552,中國國民黨,2146,18,2164,0,2164,796,2960,73.11
新港鄉,中洋村,358,無黨籍及未經政黨推薦,640,民主進步黨,356,中國國民黨,1354,10,1364,0,1364,574,1938,70.38
新港鄉,菜公村,328,無黨籍及未經政黨推薦,638,民主進步黨,334,中國國民黨,1300,10,1310,0,1310,546,1856,70.58
新港鄉,安和村,258,無黨籍及未經政黨推薦,718,民主進步黨,284,中國國民黨,1260,22,1282,0,1282,578,1860,68.92
新港鄉,潭大村,282,無黨籍及未經政黨推薦,874,民主進步黨,312,中國國民黨,1468,18,1486,0,1486,704,2190,67.85
新港鄉,南港村,252,無黨籍及未經政黨推薦,748,民主進步黨,344,中國國民黨,1344,8,1352,0,1352,608,1960,68.98
新港鄉,板頭村,190,無黨籍及未經政黨推薦,386,民主進步黨,164,中國國民黨,740,6,746,0,746,292,1038,71.87
新港鄉,共和村,252,無黨籍及未經政黨推薦,618,民主進步黨,272,中國國民黨,1142,12,1154,0,1154,494,1648,70.02
六腳鄉,蒜頭村,268,無黨籍及未經政黨推薦,686,民主進步黨,552,中國國民黨,1506,14,1520,0,1520,658,2178,69.79
六腳鄉,蒜東村,192,無黨籍及未經政黨推薦,484,民主進步黨,306,中國國民黨,982,16,998,0,998,492,1490,66.98
六腳鄉,蒜南村,270,無黨籍及未經政黨推薦,668,民主進步黨,292,中國國民黨,1230,10,1240,0,1240,420,1660,74.7
六腳鄉,工廠村,44,無黨籍及未經政黨推薦,92,民主進步黨,158,中國國民黨,294,2,296,0,296,96,392,75.51
六腳鄉,灣南村,340,無黨籍及未經政黨推薦,792,民主進步黨,416,中國國民黨,1548,12,1560,0,1560,624,2184,71.43
六腳鄉,灣北村,294,無黨籍及未經政黨推薦,616,民主進步黨,554,中國國民黨,1464,10,1474,0,1474,726,2200,67.0
六腳鄉,雙涵村,188,無黨籍及未經政黨推薦,596,民主進步黨,274,中國國民黨,1058,10,1068,0,1068,570,1638,65.2
六腳鄉,塗師村,122,無黨籍及未經政黨推薦,494,民主進步黨,180,中國國民黨,796,6,802,0,802,356,1158,69.26
六腳鄉,三義村,152,無黨籍及未經政黨推薦,546,民主進步黨,180,中國國民黨,878,20,898,0,898,436,1334,67.32
六腳鄉,港美村,146,無黨籍及未經政黨推薦,570,民主進步黨,144,中國國民黨,860,20,880,0,880,448,1328,66.27
六腳鄉,豐美村,236,無黨籍及未經政黨推薦,734,民主進步黨,338,中國國民黨,1308,18,1326,0,1326,532,1858,71.37
六腳鄉,六斗村,240,無黨籍及未經政黨推薦,610,民主進步黨,276,中國國民黨,1126,8,1134,0,1134,554,1688,67.18
六腳鄉,崙陽村,284,無黨籍及未經政黨推薦,740,民主進步黨,324,中國國民黨,1348,14,1362,0,1362,596,1958,69.56
六腳鄉,蘇厝村,434,無黨籍及未經政黨推薦,966,民主進步黨,466,中國國民黨,1866,10,1876,0,1876,896,2772,67.68
六腳鄉,竹本村,102,無黨籍及未經政黨推薦,436,民主進步黨,164,中國國民黨,702,6,708,0,708,418,1126,62.88
六腳鄉,永賢村,60,無黨籍及未經政黨推薦,370,民主進步黨,106,中國國民黨,536,4,540,0,540,314,854,63.23
六腳鄉,魚寮村,136,無黨籍及未經政黨推薦,418,民主進步黨,168,中國國民黨,722,14,736,0,736,422,1158,63.56
六腳鄉,潭墘村,164,無黨籍及未經政黨推薦,546,民主進步黨,320,中國國民黨,1030,4,1034,0,1034,580,1614,64.06
六腳鄉,正義村,294,無黨籍及未經政黨推薦,1140,民主進步黨,432,中國國民黨,1866,8,1874,0,1874,772,2646,70.82
六腳鄉,溪厝村,124,無黨籍及未經政黨推薦,380,民主進步黨,220,中國國民黨,724,8,732,0,732,340,1072,68.28
六腳鄉,六腳村,148,無黨籍及未經政黨推薦,372,民主進步黨,330,中國國民黨,850,8,858,0,858,500,1358,63.18
六腳鄉,六南村,72,無黨籍及未經政黨推薦,350,民主進步黨,188,中國國民黨,610,8,618,0,618,354,972,63.58
六腳鄉,崩山村,134,無黨籍及未經政黨推薦,402,民主進步黨,180,中國國民黨,716,4,720,0,720,434,1154,62.39
六腳鄉,古林村,112,無黨籍及未經政黨推薦,544,民主進步黨,172,中國國民黨,828,8,836,0,836,416,1252,66.77
六腳鄉,更寮村,142,無黨籍及未經政黨推薦,392,民主進步黨,196,中國國民黨,730,6,736,0,736,338,1074,68.53
東石鄉,東石村,474,無黨籍及未經政黨推薦,1186,民主進步黨,798,中國國民黨,2458,22,2480,0,2480,1248,3728,66.52
東石鄉,猿樹村,164,無黨籍及未經政黨推薦,534,民主進步黨,364,中國國民黨,1062,16,1078,0,1078,668,1746,61.74
東石鄉,型厝村,250,無黨籍及未經政黨推薦,752,民主進步黨,516,中國國民黨,1518,32,1550,0,1550,930,2480,62.5
東石鄉,塭港村,284,無黨籍及未經政黨推薦,920,民主進步黨,680,中國國民黨,1884,28,1912,0,1912,1164,3076,62.16
東石鄉,三家村,270,無黨籍及未經政黨推薦,658,民主進步黨,448,中國國民黨,1376,16,1392,0,1392,792,2184,63.74
東石鄉,永屯村,216,無黨籍及未經政黨推薦,408,民主進步黨,350,中國國民黨,974,6,980,0,980,414,1394,70.3
東石鄉,海埔村,58,無黨籍及未經政黨推薦,238,民主進步黨,160,中國國民黨,456,8,464,0,464,256,720,64.44
東石鄉,龍港村,146,無黨籍及未經政黨推薦,386,民主進步黨,476,中國國民黨,1008,14,1022,0,1022,604,1626,62.85
東石鄉,副瀨村,186,無黨籍及未經政黨推薦,602,民主進步黨,330,中國國民黨,1118,12,1130,0,1130,528,1658,68.15
東石鄉,下揖村,120,無黨籍及未經政黨推薦,510,民主進步黨,240,中國國民黨,870,8,878,0,878,500,1378,63.72
東石鄉,頂揖村,78,無黨籍及未經政黨推薦,254,民主進步黨,160,中國國民黨,492,0,492,0,492,258,750,65.6
東石鄉,溪下村,218,無黨籍及未經政黨推薦,532,民主進步黨,376,中國國民黨,1126,10,1136,0,1136,732,1868,60.81
東石鄉,港墘村,322,無黨籍及未經政黨推薦,816,民主進步黨,488,中國國民黨,1626,18,1644,0,1644,594,2238,73.46
東石鄉,蔦松村,202,無黨籍及未經政黨推薦,498,民主進步黨,336,中國國民黨,1036,8,1044,0,1044,544,1588,65.74
東石鄉,圍潭村,152,無黨籍及未經政黨推薦,434,民主進步黨,226,中國國民黨,812,12,824,0,824,418,1242,66.34
東石鄉,洲仔村,192,無黨籍及未經政黨推薦,554,民主進步黨,298,中國國民黨,1044,14,1058,0,1058,492,1550,68.26
東石鄉,東崙村,148,無黨籍及未經政黨推薦,390,民主進步黨,258,中國國民黨,796,10,806,0,806,502,1308,61.62
東石鄉,西崙村,292,無黨籍及未經政黨推薦,718,民主進步黨,366,中國國民黨,1376,16,1392,0,1392,672,2064,67.44
東石鄉,塭仔村,202,無黨籍及未經政黨推薦,598,民主進步黨,282,中國國民黨,1082,10,1092,0,1092,664,1756,62.19
東石鄉,網寮村,196,無黨籍及未經政黨推薦,690,民主進步黨,486,中國國民黨,1372,12,1384,0,1384,882,2266,61.08
東石鄉,掌潭村,174,無黨籍及未經政黨推薦,440,民主進步黨,370,中國國民黨,984,2,986,0,986,496,1482,66.53
東石鄉,港口村,74,無黨籍及未經政黨推薦,142,民主進步黨,122,中國國民黨,338,2,340,0,340,208,548,62.04
東石鄉,鰲鼓村,272,無黨籍及未經政黨推薦,798,民主進步黨,460,中國國民黨,1530,18,1548,0,1548,836,2384,64.93
義竹鄉,岸腳村,150,無黨籍及未經政黨推薦,450,民主進步黨,266,中國國民黨,866,6,872,0,872,384,1256,69.43
義竹鄉,義竹村,332,無黨籍及未經政黨推薦,940,民主進步黨,556,中國國民黨,1828,20,1848,0,1848,832,2680,68.96
義竹鄉,六桂村,272,無黨籍及未經政黨推薦,642,民主進步黨,510,中國國民黨,1424,4,1428,0,1428,722,2150,66.42
義竹鄉,仁里村,224,無黨籍及未經政黨推薦,522,民主進步黨,412,中國國民黨,1158,6,1164,0,1164,440,1604,72.57
義竹鄉,傳芳村,204,無黨籍及未經政黨推薦,494,民主進步黨,266,中國國民黨,964,4,968,0,968,440,1408,68.75
義竹鄉,頭竹村,304,無黨籍及未經政黨推薦,900,民主進步黨,394,中國國民黨,1598,8,1606,0,1606,682,2288,70.19
義竹鄉,五厝村,94,無黨籍及未經政黨推薦,248,民主進步黨,136,中國國民黨,478,2,480,0,480,228,708,67.8
義竹鄉,中平村,54,無黨籍及未經政黨推薦,250,民主進步黨,196,中國國民黨,500,10,510,0,510,258,768,66.41
義竹鄉,埤前村,156,無黨籍及未經政黨推薦,414,民主進步黨,380,中國國民黨,950,24,974,0,974,420,1394,69.87
義竹鄉,平溪村,110,無黨籍及未經政黨推薦,320,民主進步黨,146,中國國民黨,576,10,586,0,586,216,802,73.07
義竹鄉,後鎮村,76,無黨籍及未經政黨推薦,282,民主進步黨,202,中國國民黨,560,8,568,0,568,228,796,71.36
義竹鄉,北華村,138,無黨籍及未經政黨推薦,394,民主進步黨,192,中國國民黨,724,6,730,0,730,356,1086,67.22
義竹鄉,新店村,336,無黨籍及未經政黨推薦,950,民主進步黨,512,中國國民黨,1798,20,1818,0,1818,934,2752,66.06
義竹鄉,東過村,186,無黨籍及未經政黨推薦,510,民主進步黨,300,中國國民黨,996,10,1006,0,1006,574,1580,63.67
義竹鄉,西過村,202,無黨籍及未經政黨推薦,546,民主進步黨,228,中國國民黨,976,12,988,0,988,538,1526,64.74
義竹鄉,官和村,188,無黨籍及未經政黨推薦,632,民主進步黨,168,中國國民黨,988,4,992,0,992,520,1512,65.61
義竹鄉,官順村,60,無黨籍及未經政黨推薦,272,民主進步黨,134,中國國民黨,466,10,476,0,476,312,788,60.41
義竹鄉,新富村,112,無黨籍及未經政黨推薦,274,民主進步黨,248,中國國民黨,634,12,646,0,646,304,950,68.0
義竹鄉,東光村,134,無黨籍及未經政黨推薦,518,民主進步黨,280,中國國民黨,932,8,940,0,940,390,1330,70.68
義竹鄉,東榮村,70,無黨籍及未經政黨推薦,266,民主進步黨,134,中國國民黨,470,2,472,0,472,234,706,66.86
義竹鄉,龍蛟村,112,無黨籍及未經政黨推薦,364,民主進步黨,182,中國國民黨,658,2,660,0,660,366,1026,64.33
義竹鄉,溪洲村,132,無黨籍及未經政黨推薦,526,民主進步黨,206,中國國民黨,864,16,880,0,880,346,1226,71.78
鹿草鄉,後寮村,110,無黨籍及未經政黨推薦,422,民主進步黨,162,中國國民黨,694,10,704,0,704,276,980,71.84
鹿草鄉,鹿東村,152,無黨籍及未經政黨推薦,390,民主進步黨,178,中國國民黨,720,8,728,0,728,294,1022,71.23
鹿草鄉,鹿草村,382,無黨籍及未經政黨推薦,836,民主進步黨,484,中國國民黨,1702,8,1710,0,1710,702,2412,70.9
鹿草鄉,西井村,382,無黨籍及未經政黨推薦,812,民主進步黨,554,中國國民黨,1748,22,1770,0,1770,760,2530,69.96
鹿草鄉,豊稠村,168,無黨籍及未經政黨推薦,302,民主進步黨,176,中國國民黨,646,4,650,0,650,790,1440,45.14
鹿草鄉,重寮村,220,無黨籍及未經政黨推薦,772,民主進步黨,296,中國國民黨,1288,8,1296,0,1296,620,1916,67.64
鹿草鄉,施家村,88,無黨籍及未經政黨推薦,300,民主進步黨,120,中國國民黨,508,8,516,0,516,292,808,63.86
鹿草鄉,下潭村,188,無黨籍及未經政黨推薦,632,民主進步黨,184,中國國民黨,1004,14,1018,0,1018,490,1508,67.51
鹿草鄉,光潭村,188,無黨籍及未經政黨推薦,796,民主進步黨,298,中國國民黨,1282,12,1294,0,1294,584,1878,68.9
鹿草鄉,碧潭村,228,無黨籍及未經政黨推薦,570,民主進步黨,390,中國國民黨,1188,20,1208,0,1208,556,1764,68.48
鹿草鄉,松竹村,268,無黨籍及未經政黨推薦,492,民主進步黨,326,中國國民黨,1086,10,1096,0,1096,626,1722,63.65
鹿草鄉,竹山村,218,無黨籍及未經政黨推薦,684,民主進步黨,306,中國國民黨,1208,16,1224,0,1224,488,1712,71.5
鹿草鄉,後堀村,354,無黨籍及未經政黨推薦,776,民主進步黨,392,中國國民黨,1522,10,1532,0,1532,622,2154,71.12
鹿草鄉,三角村,356,無黨籍及未經政黨推薦,1056,民主進步黨,494,中國國民黨,1906,26,1932,0,1932,728,2660,72.63
鹿草鄉,下麻村,164,無黨籍及未經政黨推薦,412,民主進步黨,266,中國國民黨,842,2,844,0,844,274,1118,75.49
水上鄉,水上村,1540,無黨籍及未經政黨推薦,2426,民主進步黨,1690,中國國民黨,5656,36,5692,0,5692,2238,7930,71.78
水上鄉,水頭村,966,無黨籍及未經政黨推薦,1470,民主進步黨,1140,中國國民黨,3576,14,3590,0,3590,1308,4898,73.3
水上鄉,大堀村,514,無黨籍及未經政黨推薦,1372,民主進步黨,530,中國國民黨,2416,18,2434,0,2434,772,3206,75.92
水上鄉,大崙村,674,無黨籍及未經政黨推薦,1328,民主進步黨,740,中國國民黨,2742,36,2778,0,2778,1180,3958,70.19
水上鄉,塗溝村,302,無黨籍及未經政黨推薦,576,民主進步黨,270,中國國民黨,1148,4,1152,0,1152,428,1580,72.91
水上鄉,粗溪村,496,無黨籍及未經政黨推薦,894,民主進步黨,646,中國國民黨,2036,8,2044,0,2044,898,2942,69.48
水上鄉,下寮村,712,無黨籍及未經政黨推薦,1140,民主進步黨,798,中國國民黨,2650,24,2674,0,2674,984,3658,73.1
水上鄉,三和村,694,無黨籍及未經政黨推薦,948,民主進步黨,700,中國國民黨,2342,18,2360,0,2360,940,3300,71.52
水上鄉,回歸村,102,無黨籍及未經政黨推薦,258,民主進步黨,236,中國國民黨,596,8,604,0,604,206,810,74.57
水上鄉,三鎮村,196,無黨籍及未經政黨推薦,288,民主進步黨,334,中國國民黨,818,14,832,0,832,386,1218,68.31
水上鄉,靖和村,82,無黨籍及未經政黨推薦,244,民主進步黨,232,中國國民黨,558,4,562,0,562,184,746,75.34
水上鄉,南和村,356,無黨籍及未經政黨推薦,906,民主進步黨,522,中國國民黨,1784,10,1794,0,1794,762,2556,70.19
水上鄉,龍德村,622,無黨籍及未經政黨推薦,1430,民主進步黨,660,中國國民黨,2712,8,2720,0,2720,956,3676,73.99
水上鄉,溪洲村,276,無黨籍及未經政黨推薦,756,民主進步黨,346,中國國民黨,1378,24,1402,0,1402,564,1966,71.31
水上鄉,柳林村,882,無黨籍及未經政黨推薦,1204,民主進步黨,758,中國國民黨,2844,22,2866,0,2866,1248,4114,69.66
水上鄉,柳鄉村,664,無黨籍及未經政黨推薦,1390,民主進步黨,656,中國國民黨,2710,14,2724,0,2724,1132,3856,70.64
水上鄉,柳新村,620,無黨籍及未經政黨推薦,976,民主進步黨,802,中國國民黨,2398,24,2422,0,2422,1070,3492,69.36
水上鄉,寬士村,1398,無黨籍及未經政黨推薦,2914,民主進步黨,1622,中國國民黨,5934,34,5968,0,5968,2512,8480,70.38
水上鄉,民生村,962,無黨籍及未經政黨推薦,1866,民主進步黨,1204,中國國民黨,4032,26,4058,0,4058,1664,5722,70.92
水上鄉,忠和村,492,無黨籍及未經政黨推薦,1032,民主進步黨,780,中國國民黨,2304,42,2346,0,2346,1152,3498,67.07
水上鄉,中庄村,502,無黨籍及未經政黨推薦,1068,民主進步黨,718,中國國民黨,2288,18,2306,0,2306,1022,3328,69.29
水上鄉,南鄉村,286,無黨籍及未經政黨推薦,522,民主進步黨,328,中國國民黨,1136,10,1146,0,1146,604,1750,65.49
水上鄉,三界村,296,無黨籍及未經政黨推薦,636,民主進步黨,388,中國國民黨,1320,6,1326,0,1326,562,1888,70.23
水上鄉,國姓村,268,無黨籍及未經政黨推薦,818,民主進步黨,402,中國國民黨,1488,22,1510,0,1510,792,2302,65.6
水上鄉,內溪村,408,無黨籍及未經政黨推薦,806,民主進步黨,464,中國國民黨,1678,6,1684,0,1684,688,2372,70.99
水上鄉,義興村,282,無黨籍及未經政黨推薦,566,民主進步黨,318,中國國民黨,1166,12,1178,0,1178,406,1584,74.37
中埔鄉,中埔村,556,無黨籍及未經政黨推薦,1008,民主進步黨,720,中國國民黨,2284,12,2296,0,2296,1118,3414,67.25
中埔鄉,塩舘村,310,無黨籍及未經政黨推薦,554,民主進步黨,358,中國國民黨,1222,6,1228,0,1228,566,1794,68.45
中埔鄉,龍門村,320,無黨籍及未經政黨推薦,380,民主進步黨,334,中國國民黨,1034,8,1042,0,1042,436,1478,70.5
中埔鄉,裕民村,232,無黨籍及未經政黨推薦,626,民主進步黨,258,中國國民黨,1116,12,1128,0,1128,550,1678,67.22
中埔鄉,金蘭村,550,無黨籍及未經政黨推薦,918,民主進步黨,498,中國國民黨,1966,16,1982,0,1982,942,2924,67.78
中埔鄉,富收村,1042,無黨籍及未經政黨推薦,1830,民主進步黨,1108,中國國民黨,3980,30,4010,0,4010,1688,5698,70.38
中埔鄉,和睦村,1160,無黨籍及未經政黨推薦,2026,民主進步黨,1244,中國國民黨,4430,34,4464,0,4464,1966,6430,69.42
中埔鄉,和美村,2394,無黨籍及未經政黨推薦,4140,民主進步黨,3154,中國國民黨,9688,46,9734,0,9734,3958,13692,71.09
中埔鄉,和興村,2024,無黨籍及未經政黨推薦,3522,民主進步黨,2048,中國國民黨,7594,56,7650,0,7650,3418,11068,69.12
中埔鄉,隆興村,528,無黨籍及未經政黨推薦,1062,民主進步黨,758,中國國民黨,2348,34,2382,0,2382,1086,3468,68.69
中埔鄉,義仁村,468,無黨籍及未經政黨推薦,1038,民主進步黨,584,中國國民黨,2090,22,2112,0,2112,868,2980,70.87
中埔鄉,社口村,622,無黨籍及未經政黨推薦,1152,民主進步黨,918,中國國民黨,2692,18,2710,0,2710,1330,4040,67.08
中埔鄉,灣潭村,246,無黨籍及未經政黨推薦,608,民主進步黨,380,中國國民黨,1234,6,1240,0,1240,676,1916,64.72
中埔鄉,石硦村,270,無黨籍及未經政黨推薦,632,民主進步黨,496,中國國民黨,1398,16,1414,0,1414,690,2104,67.21
中埔鄉,頂埔村,322,無黨籍及未經政黨推薦,624,民主進步黨,338,中國國民黨,1284,16,1300,0,1300,518,1818,71.51
中埔鄉,同仁村,562,無黨籍及未經政黨推薦,1126,民主進步黨,712,中國國民黨,2400,16,2416,0,2416,1114,3530,68.44
中埔鄉,瑞豐村,258,無黨籍及未經政黨推薦,396,民主進步黨,302,中國國民黨,956,12,968,0,968,408,1376,70.35
中埔鄉,沄水村,276,無黨籍及未經政黨推薦,604,民主進步黨,376,中國國民黨,1256,14,1270,0,1270,564,1834,69.25
中埔鄉,三層村,140,無黨籍及未經政黨推薦,430,民主進步黨,194,中國國民黨,764,10,774,0,774,390,1164,66.49
中埔鄉,深坑村,188,無黨籍及未經政黨推薦,420,民主進步黨,334,中國國民黨,942,8,950,0,950,386,1336,71.11
中埔鄉,東興村,126,無黨籍及未經政黨推薦,174,民主進步黨,172,中國國民黨,472,4,476,0,476,222,698,68.19
中埔鄉,中崙村,54,無黨籍及未經政黨推薦,150,民主進步黨,166,中國國民黨,370,0,370,0,370,170,540,68.52
竹崎鄉,竹崎村,804,無黨籍及未經政黨推薦,1504,民主進步黨,992,中國國民黨,3300,22,3322,0,3322,1434,4756,69.85
竹崎鄉,和平村,690,無黨籍及未經政黨推薦,1412,民主進步黨,822,中國國民黨,2924,28,2952,0,2952,1246,4198,70.32
竹崎鄉,坑頭村,216,無黨籍及未經政黨推薦,428,民主進步黨,282,中國國民黨,926,4,930,0,930,490,1420,65.49
竹崎鄉,沙坑村,214,無黨籍及未經政黨推薦,674,民主進步黨,238,中國國民黨,1126,8,1134,0,1134,450,1584,71.59
竹崎鄉,獅埜村,356,無黨籍及未經政黨推薦,856,民主進步黨,438,中國國民黨,1650,10,1660,0,1660,642,2302,72.11
竹崎鄉,義和村,168,無黨籍及未經政黨推薦,456,民主進步黨,256,中國國民黨,880,4,884,0,884,292,1176,75.17
竹崎鄉,義仁村,268,無黨籍及未經政黨推薦,654,民主進步黨,398,中國國民黨,1320,14,1334,0,1334,646,1980,67.37
竹崎鄉,灣橋村,1656,無黨籍及未經政黨推薦,3124,民主進步黨,2296,中國國民黨,7076,46,7122,0,7122,3048,10170,70.03
竹崎鄉,鹿滿村,446,無黨籍及未經政黨推薦,880,民主進步黨,570,中國國民黨,1896,14,1910,0,1910,740,2650,72.08
竹崎鄉,紫雲村,430,無黨籍及未經政黨推薦,814,民主進步黨,606,中國國民黨,1850,8,1858,0,1858,770,2628,70.7
竹崎鄉,內埔村,472,無黨籍及未經政黨推薦,1086,民主進步黨,660,中國國民黨,2218,8,2226,0,2226,760,2986,74.55
竹崎鄉,昇平村,502,無黨籍及未經政黨推薦,980,民主進步黨,662,中國國民黨,2144,14,2158,0,2158,1120,3278,65.83
竹崎鄉,白杞村,148,無黨籍及未經政黨推薦,332,民主進步黨,294,中國國民黨,774,2,776,0,776,380,1156,67.13
竹崎鄉,桃源村,244,無黨籍及未經政黨推薦,608,民主進步黨,418,中國國民黨,1270,16,1286,0,1286,616,1902,67.61
竹崎鄉,塘興村,268,無黨籍及未經政黨推薦,416,民主進步黨,450,中國國民黨,1134,6,1140,0,1140,470,1610,70.81
竹崎鄉,義隆村,214,無黨籍及未經政黨推薦,370,民主進步黨,272,中國國民黨,856,10,866,0,866,344,1210,71.57
竹崎鄉,龍山村,574,無黨籍及未經政黨推薦,1158,民主進步黨,570,中國國民黨,2302,10,2312,0,2312,1018,3330,69.43
竹崎鄉,文峯村,186,無黨籍及未經政黨推薦,414,民主進步黨,216,中國國民黨,816,8,824,0,824,382,1206,68.33
竹崎鄉,金獅村,82,無黨籍及未經政黨推薦,250,民主進步黨,172,中國國民黨,504,6,510,0,510,254,764,66.75
竹崎鄉,復金村,500,無黨籍及未經政黨推薦,1156,民主進步黨,704,中國國民黨,2360,20,2380,0,2380,1094,3474,68.51
竹崎鄉,緞繻村,246,無黨籍及未經政黨推薦,428,民主進步黨,378,中國國民黨,1052,10,1062,0,1062,628,1690,62.84
竹崎鄉,仁壽村,48,無黨籍及未經政黨推薦,128,民主進步黨,52,中國國民黨,228,4,232,0,232,252,484,47.93
竹崎鄉,中和村,274,無黨籍及未經政黨推薦,420,民主進步黨,270,中國國民黨,964,4,968,0,968,510,1478,65.49
竹崎鄉,光華村,174,無黨籍及未經政黨推薦,394,民主進步黨,300,中國國民黨,868,10,878,0,878,422,1300,67.54
梅山鄉,梅東村,638,無黨籍及未經政黨推薦,1382,民主進步黨,822,中國國民黨,2842,22,2864,0,2864,1348,4212,68.0
梅山鄉,梅南村,220,無黨籍及未經政黨推薦,496,民主進步黨,402,中國國民黨,1118,8,1126,0,1126,498,1624,69.33
梅山鄉,過山村,166,無黨籍及未經政黨推薦,336,民主進步黨,242,中國國民黨,744,4,748,0,748,270,1018,73.48
梅山鄉,梅北村,1476,無黨籍及未經政黨推薦,2714,民主進步黨,1768,中國國民黨,5958,40,5998,0,5998,2360,8358,71.76
梅山鄉,圳南村,106,無黨籍及未經政黨推薦,240,民主進步黨,168,中國國民黨,514,2,516,0,516,226,742,69.54
梅山鄉,永興村,124,無黨籍及未經政黨推薦,340,民主進步黨,210,中國國民黨,674,2,676,0,676,268,944,71.61
梅山鄉,半天村,72,無黨籍及未經政黨推薦,238,民主進步黨,124,中國國民黨,434,6,440,0,440,222,662,66.47
梅山鄉,圳北村,154,無黨籍及未經政黨推薦,334,民主進步黨,288,中國國民黨,776,6,782,0,782,336,1118,69.95
梅山鄉,大南村,454,無黨籍及未經政黨推薦,998,民主進步黨,736,中國國民黨,2188,22,2210,0,2210,874,3084,71.66
梅山鄉,双溪村,160,無黨籍及未經政黨推薦,370,民主進步黨,228,中國國民黨,758,0,758,0,758,258,1016,74.61
梅山鄉,安靖村,192,無黨籍及未經政黨推薦,460,民主進步黨,362,中國國民黨,1014,16,1030,0,1030,482,1512,68.12
梅山鄉,太平村,136,無黨籍及未經政黨推薦,242,民主進步黨,222,中國國民黨,600,4,604,0,604,322,926,65.23
梅山鄉,碧湖村,66,無黨籍及未經政黨推薦,186,民主進步黨,128,中國國民黨,380,2,382,0,382,154,536,71.27
梅山鄉,太興村,120,無黨籍及未經政黨推薦,204,民主進步黨,230,中國國民黨,554,4,558,0,558,260,818,68.22
梅山鄉,瑞峯村,182,無黨籍及未經政黨推薦,382,民主進步黨,328,中國國民黨,892,22,914,0,914,452,1366,66.91
梅山鄉,瑞里村,156,無黨籍及未經政黨推薦,300,民主進步黨,378,中國國民黨,834,6,840,0,840,320,1160,72.41
梅山鄉,太和村,252,無黨籍及未經政黨推薦,440,民主進步黨,456,中國國民黨,1148,16,1164,0,1164,648,1812,64.24
梅山鄉,龍眼村,88,無黨籍及未經政黨推薦,286,民主進步黨,102,中國國民黨,476,2,478,0,478,272,750,63.73
番路鄉,江西村,396,無黨籍及未經政黨推薦,560,民主進步黨,608,中國國民黨,1564,8,1572,0,1572,664,2236,70.3
番路鄉,內甕村,144,無黨籍及未經政黨推薦,270,民主進步黨,172,中國國民黨,586,4,590,0,590,256,846,69.74
番路鄉,新福村,332,無黨籍及未經政黨推薦,748,民主進步黨,566,中國國民黨,1646,16,1662,0,1662,814,2476,67.12
番路鄉,下坑村,674,無黨籍及未經政黨推薦,1088,民主進步黨,818,中國國民黨,2580,8,2588,0,2588,910,3498,73.99
番路鄉,番路村,248,無黨籍及未經政黨推薦,530,民主進步黨,334,中國國民黨,1112,8,1120,0,1120,466,1586,70.62
番路鄉,民和村,302,無黨籍及未經政黨推薦,520,民主進步黨,406,中國國民黨,1228,14,1242,0,1242,466,1708,72.72
番路鄉,觸口村,338,無黨籍及未經政黨推薦,654,民主進步黨,550,中國國民黨,1542,12,1554,0,1554,796,2350,66.13
番路鄉,大湖村,124,無黨籍及未經政黨推薦,336,民主進步黨,256,中國國民黨,716,2,718,0,718,456,1174,61.16
番路鄉,公田村,312,無黨籍及未經政黨推薦,500,民主進步黨,416,中國國民黨,1228,6,1234,0,1234,598,1832,67.36
番路鄉,公興村,80,無黨籍及未經政黨推薦,288,民主進步黨,220,中國國民黨,588,10,598,0,598,338,936,63.89
番路鄉,草山村,98,無黨籍及未經政黨推薦,148,民主進步黨,208,中國國民黨,454,8,462,0,462,234,696,66.38
大埔鄉,大埔村,354,無黨籍及未經政黨推薦,702,民主進步黨,530,中國國民黨,1586,12,1598,0,1598,1242,2840,56.27
大埔鄉,和平村,168,無黨籍及未經政黨推薦,334,民主進步黨,228,中國國民黨,730,10,740,0,740,516,1256,58.92
大埔鄉,永樂村,110,無黨籍及未經政黨推薦,156,民主進步黨,180,中國國民黨,446,4,450,0,450,350,800,56.25
大埔鄉,茄苳村,184,無黨籍及未經政黨推薦,330,民主進步黨,308,中國國民黨,822,16,838,0,838,964,1802,46.5
大埔鄉,西興村,98,無黨籍及未經政黨推薦,284,民主進步黨,250,中國國民黨,632,2,634,0,634,458,1092,58.06
阿里山鄉,中山村,98,無黨籍及未經政黨推薦,154,民主進步黨,184,中國國民黨,436,2,438,0,438,260,698,62.75
阿里山鄉,中正村,70,無黨籍及未經政黨推薦,52,民主進步黨,96,中國國民黨,218,2,220,0,220,108,328,67.07
阿里山鄉,香林村,38,無黨籍及未經政黨推薦,26,民主進步黨,76,中國國民黨,140,2,142,0,142,104,246,57.72
阿里山鄉,十字村,64,無黨籍及未經政黨推薦,100,民主進步黨,216,中國國民黨,380,2,382,0,382,242,624,61.22
阿里山鄉,來吉村,68,無黨籍及未經政黨推薦,76,民主進步黨,256,中國國民黨,400,2,402,0,402,186,588,68.37
阿里山鄉,豐山村,74,無黨籍及未經政黨推薦,114,民主進步黨,168,中國國民黨,356,8,364,0,364,218,582,62.54
阿里山鄉,達邦村,222,無黨籍及未經政黨推薦,136,民主進步黨,626,中國國民黨,984,6,990,0,990,604,1594,62.11
阿里山鄉,樂野村,274,無黨籍及未經政黨推薦,316,民主進步黨,614,中國國民黨,1204,6,1210,0,1210,620,1830,66.12
阿里山鄉,里佳村,46,無黨籍及未經政黨推薦,42,民主進步黨,206,中國國民黨,294,0,294,0,294,176,470,62.55
阿里山鄉,山美村,140,無黨籍及未經政黨推薦,78,民主進步黨,336,中國國民黨,554,4,558,0,558,364,922,60.52
阿里山鄉,新美村,80,無黨籍及未經政黨推薦,56,民主進步黨,170,中國國民黨,306,2,308,0,308,230,538,57.25
阿里山鄉,茶山村,74,無黨籍及未經政黨推薦,112,民主進步黨,152,中國國民黨,338,2,340,0,340,180,520,65.38
