行政區別,村里別,余夏夫,孫永昌,徐成國Hane‧Gayaw,林秋美Abi‧Mulu,林聖明,楊德金Kati‧Payo,笛布斯‧顗賚,羅名材Halu‧Lihang,萬榮財Lafi‧Mayaw,蕭民隆,詹金福,陳建忠,陳英妹,高潞‧以用‧巴魕剌Kawlo‧Iyun‧Pacidal,余夏夫_黨籍,孫永昌_黨籍,徐成國Hane‧Gayaw_黨籍,林秋美Abi‧Mulu_黨籍,林聖明_黨籍,楊德金Kati‧Payo_黨籍,笛布斯‧顗賚_黨籍,羅名材Halu‧Lihang_黨籍,萬榮財Lafi‧Mayaw_黨籍,蕭民隆_黨籍,詹金福_黨籍,陳建忠_黨籍,陳英妹_黨籍,高潞‧以用‧巴魕剌Kawlo‧Iyun‧Pacidal_黨籍
光復鄉,北富村,,188.0,,,,334.0,,,348.0,,,,,64.0,中國國民黨,中國國民黨,中國國民黨,無黨籍及未經政黨推薦,無黨籍及未經政黨推薦,中國國民黨,無黨籍及未經政黨推薦,中國國民黨,無黨籍及未經政黨推薦,中國國民黨,親民黨,中國國民黨,無黨籍及未經政黨推薦,無黨籍及未經政黨推薦
光復鄉,南富村,,94.0,,,,382.0,,,374.0,,,,,82.0,中國國民黨,中國國民黨,中國國民黨,無黨籍及未經政黨推薦,無黨籍及未經政黨推薦,中國國民黨,無黨籍及未經政黨推薦,中國國民黨,無黨籍及未經政黨推薦,中國國民黨,親民黨,中國國民黨,無黨籍及未經政黨推薦,無黨籍及未經政黨推薦
光復鄉,大全村,,102.0,,,,44.0,,,24.0,,,,,86.0,中國國民黨,中國國民黨,中國國民黨,無黨籍及未經政黨推薦,無黨籍及未經政黨推薦,中國國民黨,無黨籍及未經政黨推薦,中國國民黨,無黨籍及未經政黨推薦,中國國民黨,親民黨,中國國民黨,無黨籍及未經政黨推薦,無黨籍及未經政黨推薦
光復鄉,大同村,,88.0,,,,84.0,,,82.0,,,,,148.0,中國國民黨,中國國民黨,中國國民黨,無黨籍及未經政黨推薦,無黨籍及未經政黨推薦,中國國民黨,無黨籍及未經政黨推薦,中國國民黨,無黨籍及未經政黨推薦,中國國民黨,親民黨,中國國民黨,無黨籍及未經政黨推薦,無黨籍及未經政黨推薦
光復鄉,大安村,,10.0,,,,22.0,,,4.0,,,,,32.0,中國國民黨,中國國民黨,中國國民黨,無黨籍及未經政黨推薦,無黨籍及未經政黨推薦,中國國民黨,無黨籍及未經政黨推薦,中國國民黨,無黨籍及未經政黨推薦,中國國民黨,親民黨,中國國民黨,無黨籍及未經政黨推薦,無黨籍及未經政黨推薦
光復鄉,大富村,,6.0,,,,12.0,,,8.0,,,,,10.0,中國國民黨,中國國民黨,中國國民黨,無黨籍及未經政黨推薦,無黨籍及未經政黨推薦,中國國民黨,無黨籍及未經政黨推薦,中國國民黨,無黨籍及未經政黨推薦,中國國民黨,親民黨,中國國民黨,無黨籍及未經政黨推薦,無黨籍及未經政黨推薦
光復鄉,大平村,,184.0,,,,130.0,,,102.0,,,,,356.0,中國國民黨,中國國民黨,中國國民黨,無黨籍及未經政黨推薦,無黨籍及未經政黨推薦,中國國民黨,無黨籍及未經政黨推薦,中國國民黨,無黨籍及未經政黨推薦,中國國民黨,親民黨,中國國民黨,無黨籍及未經政黨推薦,無黨籍及未經政黨推薦
光復鄉,大興村,,24.0,,,,138.0,,,40.0,,,,,76.0,中國國民黨,中國國民黨,中國國民黨,無黨籍及未經政黨推薦,無黨籍及未經政黨推薦,中國國民黨,無黨籍及未經政黨推薦,中國國民黨,無黨籍及未經政黨推薦,中國國民黨,親民黨,中國國民黨,無黨籍及未經政黨推薦,無黨籍及未經政黨推薦
光復鄉,大華村,,96.0,,,,62.0,,,94.0,,,,,166.0,中國國民黨,中國國民黨,中國國民黨,無黨籍及未經政黨推薦,無黨籍及未經政黨推薦,中國國民黨,無黨籍及未經政黨推薦,中國國民黨,無黨籍及未經政黨推薦,中國國民黨,親民黨,中國國民黨,無黨籍及未經政黨推薦,無黨籍及未經政黨推薦
光復鄉,大豐村,,4.0,,,,12.0,,,8.0,,,,,10.0,中國國民黨,中國國民黨,中國國民黨,無黨籍及未經政黨推薦,無黨籍及未經政黨推薦,中國國民黨,無黨籍及未經政黨推薦,中國國民黨,無黨籍及未經政黨推薦,中國國民黨,親民黨,中國國民黨,無黨籍及未經政黨推薦,無黨籍及未經政黨推薦
光復鄉,大進村,,22.0,,,,42.0,,,14.0,,,,,30.0,中國國民黨,中國國民黨,中國國民黨,無黨籍及未經政黨推薦,無黨籍及未經政黨推薦,中國國民黨,無黨籍及未經政黨推薦,中國國民黨,無黨籍及未經政黨推薦,中國國民黨,親民黨,中國國民黨,無黨籍及未經政黨推薦,無黨籍及未經政黨推薦
光復鄉,大馬村,,202.0,,,,82.0,,,154.0,,,,,366.0,中國國民黨,中國國民黨,中國國民黨,無黨籍及未經政黨推薦,無黨籍及未經政黨推薦,中國國民黨,無黨籍及未經政黨推薦,中國國民黨,無黨籍及未經政黨推薦,中國國民黨,親民黨,中國國民黨,無黨籍及未經政黨推薦,無黨籍及未經政黨推薦
光復鄉,東富村,,164.0,,,,400.0,,,378.0,,,,,166.0,中國國民黨,中國國民黨,中國國民黨,無黨籍及未經政黨推薦,無黨籍及未經政黨推薦,中國國民黨,無黨籍及未經政黨推薦,中國國民黨,無黨籍及未經政黨推薦,中國國民黨,親民黨,中國國民黨,無黨籍及未經政黨推薦,無黨籍及未經政黨推薦
光復鄉,西富村,,184.0,,,,250.0,,,246.0,,,,,140.0,中國國民黨,中國國民黨,中國國民黨,無黨籍及未經政黨推薦,無黨籍及未經政黨推薦,中國國民黨,無黨籍及未經政黨推薦,中國國民黨,無黨籍及未經政黨推薦,中國國民黨,親民黨,中國國民黨,無黨籍及未經政黨推薦,無黨籍及未經政黨推薦
卓溪鄉,卓清村,,,2.0,,2.0,,,,,,2.0,4.0,8.0,,中國國民黨,中國國民黨,中國國民黨,無黨籍及未經政黨推薦,無黨籍及未經政黨推薦,中國國民黨,無黨籍及未經政黨推薦,中國國民黨,無黨籍及未經政黨推薦,中國國民黨,親民黨,中國國民黨,無黨籍及未經政黨推薦,無黨籍及未經政黨推薦
卓溪鄉,卓溪村,,,8.0,,10.0,,,,,,2.0,8.0,4.0,,中國國民黨,中國國民黨,中國國民黨,無黨籍及未經政黨推薦,無黨籍及未經政黨推薦,中國國民黨,無黨籍及未經政黨推薦,中國國民黨,無黨籍及未經政黨推薦,中國國民黨,親民黨,中國國民黨,無黨籍及未經政黨推薦,無黨籍及未經政黨推薦
卓溪鄉,古風村,,,10.0,,8.0,,,,,,2.0,16.0,6.0,,中國國民黨,中國國民黨,中國國民黨,無黨籍及未經政黨推薦,無黨籍及未經政黨推薦,中國國民黨,無黨籍及未經政黨推薦,中國國民黨,無黨籍及未經政黨推薦,中國國民黨,親民黨,中國國民黨,無黨籍及未經政黨推薦,無黨籍及未經政黨推薦
卓溪鄉,太平村,,,0.0,,4.0,,,,,,2.0,2.0,2.0,,中國國民黨,中國國民黨,中國國民黨,無黨籍及未經政黨推薦,無黨籍及未經政黨推薦,中國國民黨,無黨籍及未經政黨推薦,中國國民黨,無黨籍及未經政黨推薦,中國國民黨,親民黨,中國國民黨,無黨籍及未經政黨推薦,無黨籍及未經政黨推薦
卓溪鄉,崙山村,,,4.0,,6.0,,,,,,0.0,6.0,2.0,,中國國民黨,中國國民黨,中國國民黨,無黨籍及未經政黨推薦,無黨籍及未經政黨推薦,中國國民黨,無黨籍及未經政黨推薦,中國國民黨,無黨籍及未經政黨推薦,中國國民黨,親民黨,中國國民黨,無黨籍及未經政黨推薦,無黨籍及未經政黨推薦
卓溪鄉,立山村,,,0.0,,4.0,,,,,,8.0,6.0,6.0,,中國國民黨,中國國民黨,中國國民黨,無黨籍及未經政黨推薦,無黨籍及未經政黨推薦,中國國民黨,無黨籍及未經政黨推薦,中國國民黨,無黨籍及未經政黨推薦,中國國民黨,親民黨,中國國民黨,無黨籍及未經政黨推薦,無黨籍及未經政黨推薦
吉安鄉,仁和村,136.0,,,154.0,,,258.0,104.0,,74.0,,,,,中國國民黨,中國國民黨,中國國民黨,無黨籍及未經政黨推薦,無黨籍及未經政黨推薦,中國國民黨,無黨籍及未經政黨推薦,中國國民黨,無黨籍及未經政黨推薦,中國國民黨,親民黨,中國國民黨,無黨籍及未經政黨推薦,無黨籍及未經政黨推薦
吉安鄉,仁安村,58.0,,,70.0,,,100.0,62.0,,66.0,,,,,中國國民黨,中國國民黨,中國國民黨,無黨籍及未經政黨推薦,無黨籍及未經政黨推薦,中國國民黨,無黨籍及未經政黨推薦,中國國民黨,無黨籍及未經政黨推薦,中國國民黨,親民黨,中國國民黨,無黨籍及未經政黨推薦,無黨籍及未經政黨推薦
吉安鄉,仁里村,134.0,,,284.0,,,228.0,164.0,,76.0,,,,,中國國民黨,中國國民黨,中國國民黨,無黨籍及未經政黨推薦,無黨籍及未經政黨推薦,中國國民黨,無黨籍及未經政黨推薦,中國國民黨,無黨籍及未經政黨推薦,中國國民黨,親民黨,中國國民黨,無黨籍及未經政黨推薦,無黨籍及未經政黨推薦
吉安鄉,光華村,46.0,,,56.0,,,104.0,110.0,,18.0,,,,,中國國民黨,中國國民黨,中國國民黨,無黨籍及未經政黨推薦,無黨籍及未經政黨推薦,中國國民黨,無黨籍及未經政黨推薦,中國國民黨,無黨籍及未經政黨推薦,中國國民黨,親民黨,中國國民黨,無黨籍及未經政黨推薦,無黨籍及未經政黨推薦
吉安鄉,勝安村,20.0,,,26.0,,,44.0,26.0,,16.0,,,,,中國國民黨,中國國民黨,中國國民黨,無黨籍及未經政黨推薦,無黨籍及未經政黨推薦,中國國民黨,無黨籍及未經政黨推薦,中國國民黨,無黨籍及未經政黨推薦,中國國民黨,親民黨,中國國民黨,無黨籍及未經政黨推薦,無黨籍及未經政黨推薦
吉安鄉,北昌村,40.0,,,36.0,,,90.0,44.0,,46.0,,,,,中國國民黨,中國國民黨,中國國民黨,無黨籍及未經政黨推薦,無黨籍及未經政黨推薦,中國國民黨,無黨籍及未經政黨推薦,中國國民黨,無黨籍及未經政黨推薦,中國國民黨,親民黨,中國國民黨,無黨籍及未經政黨推薦,無黨籍及未經政黨推薦
吉安鄉,南昌村,180.0,,,214.0,,,226.0,468.0,,82.0,,,,,中國國民黨,中國國民黨,中國國民黨,無黨籍及未經政黨推薦,無黨籍及未經政黨推薦,中國國民黨,無黨籍及未經政黨推薦,中國國民黨,無黨籍及未經政黨推薦,中國國民黨,親民黨,中國國民黨,無黨籍及未經政黨推薦,無黨籍及未經政黨推薦
吉安鄉,南華村,56.0,,,60.0,,,80.0,84.0,,34.0,,,,,中國國民黨,中國國民黨,中國國民黨,無黨籍及未經政黨推薦,無黨籍及未經政黨推薦,中國國民黨,無黨籍及未經政黨推薦,中國國民黨,無黨籍及未經政黨推薦,中國國民黨,親民黨,中國國民黨,無黨籍及未經政黨推薦,無黨籍及未經政黨推薦
吉安鄉,吉安村,46.0,,,90.0,,,76.0,48.0,,16.0,,,,,中國國民黨,中國國民黨,中國國民黨,無黨籍及未經政黨推薦,無黨籍及未經政黨推薦,中國國民黨,無黨籍及未經政黨推薦,中國國民黨,無黨籍及未經政黨推薦,中國國民黨,親民黨,中國國民黨,無黨籍及未經政黨推薦,無黨籍及未經政黨推薦
吉安鄉,太昌村,110.0,,,184.0,,,136.0,94.0,,98.0,,,,,中國國民黨,中國國民黨,中國國民黨,無黨籍及未經政黨推薦,無黨籍及未經政黨推薦,中國國民黨,無黨籍及未經政黨推薦,中國國民黨,無黨籍及未經政黨推薦,中國國民黨,親民黨,中國國民黨,無黨籍及未經政黨推薦,無黨籍及未經政黨推薦
吉安鄉,宜昌村,256.0,,,198.0,,,168.0,206.0,,40.0,,,,,中國國民黨,中國國民黨,中國國民黨,無黨籍及未經政黨推薦,無黨籍及未經政黨推薦,中國國民黨,無黨籍及未經政黨推薦,中國國民黨,無黨籍及未經政黨推薦,中國國民黨,親民黨,中國國民黨,無黨籍及未經政黨推薦,無黨籍及未經政黨推薦
吉安鄉,干城村,38.0,,,62.0,,,64.0,38.0,,18.0,,,,,中國國民黨,中國國民黨,中國國民黨,無黨籍及未經政黨推薦,無黨籍及未經政黨推薦,中國國民黨,無黨籍及未經政黨推薦,中國國民黨,無黨籍及未經政黨推薦,中國國民黨,親民黨,中國國民黨,無黨籍及未經政黨推薦,無黨籍及未經政黨推薦
吉安鄉,慶豐村,120.0,,,74.0,,,116.0,104.0,,56.0,,,,,中國國民黨,中國國民黨,中國國民黨,無黨籍及未經政黨推薦,無黨籍及未經政黨推薦,中國國民黨,無黨籍及未經政黨推薦,中國國民黨,無黨籍及未經政黨推薦,中國國民黨,親民黨,中國國民黨,無黨籍及未經政黨推薦,無黨籍及未經政黨推薦
吉安鄉,東昌村,384.0,,,286.0,,,380.0,262.0,,180.0,,,,,中國國民黨,中國國民黨,中國國民黨,無黨籍及未經政黨推薦,無黨籍及未經政黨推薦,中國國民黨,無黨籍及未經政黨推薦,中國國民黨,無黨籍及未經政黨推薦,中國國民黨,親民黨,中國國民黨,無黨籍及未經政黨推薦,無黨籍及未經政黨推薦
吉安鄉,永安村,40.0,,,46.0,,,72.0,28.0,,44.0,,,,,中國國民黨,中國國民黨,中國國民黨,無黨籍及未經政黨推薦,無黨籍及未經政黨推薦,中國國民黨,無黨籍及未經政黨推薦,中國國民黨,無黨籍及未經政黨推薦,中國國民黨,親民黨,中國國民黨,無黨籍及未經政黨推薦,無黨籍及未經政黨推薦
吉安鄉,永興村,56.0,,,74.0,,,104.0,130.0,,74.0,,,,,中國國民黨,中國國民黨,中國國民黨,無黨籍及未經政黨推薦,無黨籍及未經政黨推薦,中國國民黨,無黨籍及未經政黨推薦,中國國民黨,無黨籍及未經政黨推薦,中國國民黨,親民黨,中國國民黨,無黨籍及未經政黨推薦,無黨籍及未經政黨推薦
吉安鄉,福興村,18.0,,,50.0,,,46.0,30.0,,8.0,,,,,中國國民黨,中國國民黨,中國國民黨,無黨籍及未經政黨推薦,無黨籍及未經政黨推薦,中國國民黨,無黨籍及未經政黨推薦,中國國民黨,無黨籍及未經政黨推薦,中國國民黨,親民黨,中國國民黨,無黨籍及未經政黨推薦,無黨籍及未經政黨推薦
吉安鄉,稻香村,26.0,,,22.0,,,42.0,30.0,,14.0,,,,,中國國民黨,中國國民黨,中國國民黨,無黨籍及未經政黨推薦,無黨籍及未經政黨推薦,中國國民黨,無黨籍及未經政黨推薦,中國國民黨,無黨籍及未經政黨推薦,中國國民黨,親民黨,中國國民黨,無黨籍及未經政黨推薦,無黨籍及未經政黨推薦
壽豐鄉,光榮村,,128.0,,,,184.0,,,426.0,,,,,168.0,中國國民黨,中國國民黨,中國國民黨,無黨籍及未經政黨推薦,無黨籍及未經政黨推薦,中國國民黨,無黨籍及未經政黨推薦,中國國民黨,無黨籍及未經政黨推薦,中國國民黨,親民黨,中國國民黨,無黨籍及未經政黨推薦,無黨籍及未經政黨推薦
壽豐鄉,共和村,,18.0,,,,28.0,,,48.0,,,,,64.0,中國國民黨,中國國民黨,中國國民黨,無黨籍及未經政黨推薦,無黨籍及未經政黨推薦,中國國民黨,無黨籍及未經政黨推薦,中國國民黨,無黨籍及未經政黨推薦,中國國民黨,親民黨,中國國民黨,無黨籍及未經政黨推薦,無黨籍及未經政黨推薦
壽豐鄉,壽豐村,,80.0,,,,202.0,,,242.0,,,,,126.0,中國國民黨,中國國民黨,中國國民黨,無黨籍及未經政黨推薦,無黨籍及未經政黨推薦,中國國民黨,無黨籍及未經政黨推薦,中國國民黨,無黨籍及未經政黨推薦,中國國民黨,親民黨,中國國民黨,無黨籍及未經政黨推薦,無黨籍及未經政黨推薦
壽豐鄉,平和村,,52.0,,,,78.0,,,90.0,,,,,116.0,中國國民黨,中國國民黨,中國國民黨,無黨籍及未經政黨推薦,無黨籍及未經政黨推薦,中國國民黨,無黨籍及未經政黨推薦,中國國民黨,無黨籍及未經政黨推薦,中國國民黨,親民黨,中國國民黨,無黨籍及未經政黨推薦,無黨籍及未經政黨推薦
壽豐鄉,志學村,,42.0,,,,68.0,,,94.0,,,,,96.0,中國國民黨,中國國民黨,中國國民黨,無黨籍及未經政黨推薦,無黨籍及未經政黨推薦,中國國民黨,無黨籍及未經政黨推薦,中國國民黨,無黨籍及未經政黨推薦,中國國民黨,親民黨,中國國民黨,無黨籍及未經政黨推薦,無黨籍及未經政黨推薦
壽豐鄉,月眉村,,290.0,,,,170.0,,,204.0,,,,,122.0,中國國民黨,中國國民黨,中國國民黨,無黨籍及未經政黨推薦,無黨籍及未經政黨推薦,中國國民黨,無黨籍及未經政黨推薦,中國國民黨,無黨籍及未經政黨推薦,中國國民黨,親民黨,中國國民黨,無黨籍及未經政黨推薦,無黨籍及未經政黨推薦
壽豐鄉,樹湖村,,10.0,,,,12.0,,,4.0,,,,,16.0,中國國民黨,中國國民黨,中國國民黨,無黨籍及未經政黨推薦,無黨籍及未經政黨推薦,中國國民黨,無黨籍及未經政黨推薦,中國國民黨,無黨籍及未經政黨推薦,中國國民黨,親民黨,中國國民黨,無黨籍及未經政黨推薦,無黨籍及未經政黨推薦
壽豐鄉,水璉村,,120.0,,,,92.0,,,102.0,,,,,238.0,中國國民黨,中國國民黨,中國國民黨,無黨籍及未經政黨推薦,無黨籍及未經政黨推薦,中國國民黨,無黨籍及未經政黨推薦,中國國民黨,無黨籍及未經政黨推薦,中國國民黨,親民黨,中國國民黨,無黨籍及未經政黨推薦,無黨籍及未經政黨推薦
壽豐鄉,池南村,,60.0,,,,88.0,,,148.0,,,,,140.0,中國國民黨,中國國民黨,中國國民黨,無黨籍及未經政黨推薦,無黨籍及未經政黨推薦,中國國民黨,無黨籍及未經政黨推薦,中國國民黨,無黨籍及未經政黨推薦,中國國民黨,親民黨,中國國民黨,無黨籍及未經政黨推薦,無黨籍及未經政黨推薦
壽豐鄉,溪口村,,118.0,,,,100.0,,,106.0,,,,,134.0,中國國民黨,中國國民黨,中國國民黨,無黨籍及未經政黨推薦,無黨籍及未經政黨推薦,中國國民黨,無黨籍及未經政黨推薦,中國國民黨,無黨籍及未經政黨推薦,中國國民黨,親民黨,中國國民黨,無黨籍及未經政黨推薦,無黨籍及未經政黨推薦
壽豐鄉,米棧村,,12.0,,,,34.0,,,48.0,,,,,80.0,中國國民黨,中國國民黨,中國國民黨,無黨籍及未經政黨推薦,無黨籍及未經政黨推薦,中國國民黨,無黨籍及未經政黨推薦,中國國民黨,無黨籍及未經政黨推薦,中國國民黨,親民黨,中國國民黨,無黨籍及未經政黨推薦,無黨籍及未經政黨推薦
壽豐鄉,豐坪村,,24.0,,,,46.0,,,54.0,,,,,76.0,中國國民黨,中國國民黨,中國國民黨,無黨籍及未經政黨推薦,無黨籍及未經政黨推薦,中國國民黨,無黨籍及未經政黨推薦,中國國民黨,無黨籍及未經政黨推薦,中國國民黨,親民黨,中國國民黨,無黨籍及未經政黨推薦,無黨籍及未經政黨推薦
壽豐鄉,豐山村,,22.0,,,,20.0,,,84.0,,,,,64.0,中國國民黨,中國國民黨,中國國民黨,無黨籍及未經政黨推薦,無黨籍及未經政黨推薦,中國國民黨,無黨籍及未經政黨推薦,中國國民黨,無黨籍及未經政黨推薦,中國國民黨,親民黨,中國國民黨,無黨籍及未經政黨推薦,無黨籍及未經政黨推薦
壽豐鄉,豐裡村,,10.0,,,,64.0,,,108.0,,,,,34.0,中國國民黨,中國國民黨,中國國民黨,無黨籍及未經政黨推薦,無黨籍及未經政黨推薦,中國國民黨,無黨籍及未經政黨推薦,中國國民黨,無黨籍及未經政黨推薦,中國國民黨,親民黨,中國國民黨,無黨籍及未經政黨推薦,無黨籍及未經政黨推薦
壽豐鄉,鹽寮村,,34.0,,,,74.0,,,42.0,,,,,78.0,中國國民黨,中國國民黨,中國國民黨,無黨籍及未經政黨推薦,無黨籍及未經政黨推薦,中國國民黨,無黨籍及未經政黨推薦,中國國民黨,無黨籍及未經政黨推薦,中國國民黨,親民黨,中國國民黨,無黨籍及未經政黨推薦,無黨籍及未經政黨推薦
富里鄉,吳江村,,,10.0,,26.0,,,,,,4.0,18.0,8.0,,中國國民黨,中國國民黨,中國國民黨,無黨籍及未經政黨推薦,無黨籍及未經政黨推薦,中國國民黨,無黨籍及未經政黨推薦,中國國民黨,無黨籍及未經政黨推薦,中國國民黨,親民黨,中國國民黨,無黨籍及未經政黨推薦,無黨籍及未經政黨推薦
富里鄉,學田村,,,34.0,,20.0,,,,,,2.0,30.0,8.0,,中國國民黨,中國國民黨,中國國民黨,無黨籍及未經政黨推薦,無黨籍及未經政黨推薦,中國國民黨,無黨籍及未經政黨推薦,中國國民黨,無黨籍及未經政黨推薦,中國國民黨,親民黨,中國國民黨,無黨籍及未經政黨推薦,無黨籍及未經政黨推薦
富里鄉,富南村,,,16.0,,2.0,,,,,,2.0,16.0,24.0,,中國國民黨,中國國民黨,中國國民黨,無黨籍及未經政黨推薦,無黨籍及未經政黨推薦,中國國民黨,無黨籍及未經政黨推薦,中國國民黨,無黨籍及未經政黨推薦,中國國民黨,親民黨,中國國民黨,無黨籍及未經政黨推薦,無黨籍及未經政黨推薦
富里鄉,富里村,,,12.0,,0.0,,,,,,4.0,6.0,4.0,,中國國民黨,中國國民黨,中國國民黨,無黨籍及未經政黨推薦,無黨籍及未經政黨推薦,中國國民黨,無黨籍及未經政黨推薦,中國國民黨,無黨籍及未經政黨推薦,中國國民黨,親民黨,中國國民黨,無黨籍及未經政黨推薦,無黨籍及未經政黨推薦
富里鄉,新興村,,,48.0,,60.0,,,,,,16.0,38.0,38.0,,中國國民黨,中國國民黨,中國國民黨,無黨籍及未經政黨推薦,無黨籍及未經政黨推薦,中國國民黨,無黨籍及未經政黨推薦,中國國民黨,無黨籍及未經政黨推薦,中國國民黨,親民黨,中國國民黨,無黨籍及未經政黨推薦,無黨籍及未經政黨推薦
富里鄉,明里村,,,18.0,,2.0,,,,,,2.0,0.0,2.0,,中國國民黨,中國國民黨,中國國民黨,無黨籍及未經政黨推薦,無黨籍及未經政黨推薦,中國國民黨,無黨籍及未經政黨推薦,中國國民黨,無黨籍及未經政黨推薦,中國國民黨,親民黨,中國國民黨,無黨籍及未經政黨推薦,無黨籍及未經政黨推薦
富里鄉,東里村,,,12.0,,30.0,,,,,,12.0,34.0,36.0,,中國國民黨,中國國民黨,中國國民黨,無黨籍及未經政黨推薦,無黨籍及未經政黨推薦,中國國民黨,無黨籍及未經政黨推薦,中國國民黨,無黨籍及未經政黨推薦,中國國民黨,親民黨,中國國民黨,無黨籍及未經政黨推薦,無黨籍及未經政黨推薦
富里鄉,永豐村,,,2.0,,2.0,,,,,,2.0,4.0,2.0,,中國國民黨,中國國民黨,中國國民黨,無黨籍及未經政黨推薦,無黨籍及未經政黨推薦,中國國民黨,無黨籍及未經政黨推薦,中國國民黨,無黨籍及未經政黨推薦,中國國民黨,親民黨,中國國民黨,無黨籍及未經政黨推薦,無黨籍及未經政黨推薦
富里鄉,石牌村,,,8.0,,4.0,,,,,,4.0,4.0,8.0,,中國國民黨,中國國民黨,中國國民黨,無黨籍及未經政黨推薦,無黨籍及未經政黨推薦,中國國民黨,無黨籍及未經政黨推薦,中國國民黨,無黨籍及未經政黨推薦,中國國民黨,親民黨,中國國民黨,無黨籍及未經政黨推薦,無黨籍及未經政黨推薦
富里鄉,竹田村,,,34.0,,28.0,,,,,,18.0,8.0,10.0,,中國國民黨,中國國民黨,中國國民黨,無黨籍及未經政黨推薦,無黨籍及未經政黨推薦,中國國民黨,無黨籍及未經政黨推薦,中國國民黨,無黨籍及未經政黨推薦,中國國民黨,親民黨,中國國民黨,無黨籍及未經政黨推薦,無黨籍及未經政黨推薦
富里鄉,羅山村,,,8.0,,2.0,,,,,,0.0,0.0,4.0,,中國國民黨,中國國民黨,中國國民黨,無黨籍及未經政黨推薦,無黨籍及未經政黨推薦,中國國民黨,無黨籍及未經政黨推薦,中國國民黨,無黨籍及未經政黨推薦,中國國民黨,親民黨,中國國民黨,無黨籍及未經政黨推薦,無黨籍及未經政黨推薦
富里鄉,萬寧村,,,8.0,,56.0,,,,,,2.0,86.0,30.0,,中國國民黨,中國國民黨,中國國民黨,無黨籍及未經政黨推薦,無黨籍及未經政黨推薦,中國國民黨,無黨籍及未經政黨推薦,中國國民黨,無黨籍及未經政黨推薦,中國國民黨,親民黨,中國國民黨,無黨籍及未經政黨推薦,無黨籍及未經政黨推薦
富里鄉,豐南村,,,92.0,,106.0,,,,,,26.0,138.0,68.0,,中國國民黨,中國國民黨,中國國民黨,無黨籍及未經政黨推薦,無黨籍及未經政黨推薦,中國國民黨,無黨籍及未經政黨推薦,中國國民黨,無黨籍及未經政黨推薦,中國國民黨,親民黨,中國國民黨,無黨籍及未經政黨推薦,無黨籍及未經政黨推薦
新城鄉,佳林村,38.0,,,30.0,,,44.0,22.0,,20.0,,,,,中國國民黨,中國國民黨,中國國民黨,無黨籍及未經政黨推薦,無黨籍及未經政黨推薦,中國國民黨,無黨籍及未經政黨推薦,中國國民黨,無黨籍及未經政黨推薦,中國國民黨,親民黨,中國國民黨,無黨籍及未經政黨推薦,無黨籍及未經政黨推薦
新城鄉,北埔村,198.0,,,178.0,,,148.0,108.0,,116.0,,,,,中國國民黨,中國國民黨,中國國民黨,無黨籍及未經政黨推薦,無黨籍及未經政黨推薦,中國國民黨,無黨籍及未經政黨推薦,中國國民黨,無黨籍及未經政黨推薦,中國國民黨,親民黨,中國國民黨,無黨籍及未經政黨推薦,無黨籍及未經政黨推薦
新城鄉,嘉新村,118.0,,,72.0,,,78.0,70.0,,72.0,,,,,中國國民黨,中國國民黨,中國國民黨,無黨籍及未經政黨推薦,無黨籍及未經政黨推薦,中國國民黨,無黨籍及未經政黨推薦,中國國民黨,無黨籍及未經政黨推薦,中國國民黨,親民黨,中國國民黨,無黨籍及未經政黨推薦,無黨籍及未經政黨推薦
新城鄉,嘉里村,138.0,,,134.0,,,118.0,130.0,,68.0,,,,,中國國民黨,中國國民黨,中國國民黨,無黨籍及未經政黨推薦,無黨籍及未經政黨推薦,中國國民黨,無黨籍及未經政黨推薦,中國國民黨,無黨籍及未經政黨推薦,中國國民黨,親民黨,中國國民黨,無黨籍及未經政黨推薦,無黨籍及未經政黨推薦
新城鄉,大漢村,228.0,,,232.0,,,122.0,140.0,,180.0,,,,,中國國民黨,中國國民黨,中國國民黨,無黨籍及未經政黨推薦,無黨籍及未經政黨推薦,中國國民黨,無黨籍及未經政黨推薦,中國國民黨,無黨籍及未經政黨推薦,中國國民黨,親民黨,中國國民黨,無黨籍及未經政黨推薦,無黨籍及未經政黨推薦
新城鄉,康樂村,62.0,,,82.0,,,94.0,46.0,,122.0,,,,,中國國民黨,中國國民黨,中國國民黨,無黨籍及未經政黨推薦,無黨籍及未經政黨推薦,中國國民黨,無黨籍及未經政黨推薦,中國國民黨,無黨籍及未經政黨推薦,中國國民黨,親民黨,中國國民黨,無黨籍及未經政黨推薦,無黨籍及未經政黨推薦
新城鄉,新城村,14.0,,,24.0,,,16.0,18.0,,4.0,,,,,中國國民黨,中國國民黨,中國國民黨,無黨籍及未經政黨推薦,無黨籍及未經政黨推薦,中國國民黨,無黨籍及未經政黨推薦,中國國民黨,無黨籍及未經政黨推薦,中國國民黨,親民黨,中國國民黨,無黨籍及未經政黨推薦,無黨籍及未經政黨推薦
新城鄉,順安村,12.0,,,8.0,,,24.0,20.0,,8.0,,,,,中國國民黨,中國國民黨,中國國民黨,無黨籍及未經政黨推薦,無黨籍及未經政黨推薦,中國國民黨,無黨籍及未經政黨推薦,中國國民黨,無黨籍及未經政黨推薦,中國國民黨,親民黨,中國國民黨,無黨籍及未經政黨推薦,無黨籍及未經政黨推薦
玉里鎮,三民里,,,6.0,,36.0,,,,,,4.0,14.0,26.0,,中國國民黨,中國國民黨,中國國民黨,無黨籍及未經政黨推薦,無黨籍及未經政黨推薦,中國國民黨,無黨籍及未經政黨推薦,中國國民黨,無黨籍及未經政黨推薦,中國國民黨,親民黨,中國國民黨,無黨籍及未經政黨推薦,無黨籍及未經政黨推薦
玉里鎮,中城里,,,30.0,,88.0,,,,,,44.0,106.0,90.0,,中國國民黨,中國國民黨,中國國民黨,無黨籍及未經政黨推薦,無黨籍及未經政黨推薦,中國國民黨,無黨籍及未經政黨推薦,中國國民黨,無黨籍及未經政黨推薦,中國國民黨,親民黨,中國國民黨,無黨籍及未經政黨推薦,無黨籍及未經政黨推薦
玉里鎮,啟模里,,,8.0,,38.0,,,,,,16.0,34.0,42.0,,中國國民黨,中國國民黨,中國國民黨,無黨籍及未經政黨推薦,無黨籍及未經政黨推薦,中國國民黨,無黨籍及未經政黨推薦,中國國民黨,無黨籍及未經政黨推薦,中國國民黨,親民黨,中國國民黨,無黨籍及未經政黨推薦,無黨籍及未經政黨推薦
玉里鎮,國武里,,,6.0,,6.0,,,,,,6.0,14.0,12.0,,中國國民黨,中國國民黨,中國國民黨,無黨籍及未經政黨推薦,無黨籍及未經政黨推薦,中國國民黨,無黨籍及未經政黨推薦,中國國民黨,無黨籍及未經政黨推薦,中國國民黨,親民黨,中國國民黨,無黨籍及未經政黨推薦,無黨籍及未經政黨推薦
玉里鎮,大禹里,,,14.0,,44.0,,,,,,8.0,54.0,98.0,,中國國民黨,中國國民黨,中國國民黨,無黨籍及未經政黨推薦,無黨籍及未經政黨推薦,中國國民黨,無黨籍及未經政黨推薦,中國國民黨,無黨籍及未經政黨推薦,中國國民黨,親民黨,中國國民黨,無黨籍及未經政黨推薦,無黨籍及未經政黨推薦
玉里鎮,德武里,,,56.0,,164.0,,,,,,18.0,710.0,116.0,,中國國民黨,中國國民黨,中國國民黨,無黨籍及未經政黨推薦,無黨籍及未經政黨推薦,中國國民黨,無黨籍及未經政黨推薦,中國國民黨,無黨籍及未經政黨推薦,中國國民黨,親民黨,中國國民黨,無黨籍及未經政黨推薦,無黨籍及未經政黨推薦
玉里鎮,春日里,,,38.0,,356.0,,,,,,10.0,128.0,142.0,,中國國民黨,中國國民黨,中國國民黨,無黨籍及未經政黨推薦,無黨籍及未經政黨推薦,中國國民黨,無黨籍及未經政黨推薦,中國國民黨,無黨籍及未經政黨推薦,中國國民黨,親民黨,中國國民黨,無黨籍及未經政黨推薦,無黨籍及未經政黨推薦
玉里鎮,東豐里,,,14.0,,68.0,,,,,,10.0,114.0,38.0,,中國國民黨,中國國民黨,中國國民黨,無黨籍及未經政黨推薦,無黨籍及未經政黨推薦,中國國民黨,無黨籍及未經政黨推薦,中國國民黨,無黨籍及未經政黨推薦,中國國民黨,親民黨,中國國民黨,無黨籍及未經政黨推薦,無黨籍及未經政黨推薦
玉里鎮,松浦里,,,20.0,,386.0,,,,,,32.0,244.0,406.0,,中國國民黨,中國國民黨,中國國民黨,無黨籍及未經政黨推薦,無黨籍及未經政黨推薦,中國國民黨,無黨籍及未經政黨推薦,中國國民黨,無黨籍及未經政黨推薦,中國國民黨,親民黨,中國國民黨,無黨籍及未經政黨推薦,無黨籍及未經政黨推薦
玉里鎮,樂合里,,,172.0,,178.0,,,,,,82.0,288.0,68.0,,中國國民黨,中國國民黨,中國國民黨,無黨籍及未經政黨推薦,無黨籍及未經政黨推薦,中國國民黨,無黨籍及未經政黨推薦,中國國民黨,無黨籍及未經政黨推薦,中國國民黨,親民黨,中國國民黨,無黨籍及未經政黨推薦,無黨籍及未經政黨推薦
玉里鎮,永昌里,,,2.0,,48.0,,,,,,10.0,64.0,46.0,,中國國民黨,中國國民黨,中國國民黨,無黨籍及未經政黨推薦,無黨籍及未經政黨推薦,中國國民黨,無黨籍及未經政黨推薦,中國國民黨,無黨籍及未經政黨推薦,中國國民黨,親民黨,中國國民黨,無黨籍及未經政黨推薦,無黨籍及未經政黨推薦
玉里鎮,泰昌里,,,2.0,,42.0,,,,,,16.0,16.0,30.0,,中國國民黨,中國國民黨,中國國民黨,無黨籍及未經政黨推薦,無黨籍及未經政黨推薦,中國國民黨,無黨籍及未經政黨推薦,中國國民黨,無黨籍及未經政黨推薦,中國國民黨,親民黨,中國國民黨,無黨籍及未經政黨推薦,無黨籍及未經政黨推薦
玉里鎮,源城里,,,14.0,,110.0,,,,,,4.0,26.0,104.0,,中國國民黨,中國國民黨,中國國民黨,無黨籍及未經政黨推薦,無黨籍及未經政黨推薦,中國國民黨,無黨籍及未經政黨推薦,中國國民黨,無黨籍及未經政黨推薦,中國國民黨,親民黨,中國國民黨,無黨籍及未經政黨推薦,無黨籍及未經政黨推薦
玉里鎮,觀音里,,,28.0,,244.0,,,,,,16.0,382.0,96.0,,中國國民黨,中國國民黨,中國國民黨,無黨籍及未經政黨推薦,無黨籍及未經政黨推薦,中國國民黨,無黨籍及未經政黨推薦,中國國民黨,無黨籍及未經政黨推薦,中國國民黨,親民黨,中國國民黨,無黨籍及未經政黨推薦,無黨籍及未經政黨推薦
玉里鎮,長良里,,,12.0,,118.0,,,,,,4.0,78.0,64.0,,中國國民黨,中國國民黨,中國國民黨,無黨籍及未經政黨推薦,無黨籍及未經政黨推薦,中國國民黨,無黨籍及未經政黨推薦,中國國民黨,無黨籍及未經政黨推薦,中國國民黨,親民黨,中國國民黨,無黨籍及未經政黨推薦,無黨籍及未經政黨推薦
瑞穗鄉,奇美村,,,104.0,,20.0,,,,,,32.0,34.0,108.0,,中國國民黨,中國國民黨,中國國民黨,無黨籍及未經政黨推薦,無黨籍及未經政黨推薦,中國國民黨,無黨籍及未經政黨推薦,中國國民黨,無黨籍及未經政黨推薦,中國國民黨,親民黨,中國國民黨,無黨籍及未經政黨推薦,無黨籍及未經政黨推薦
瑞穗鄉,富民村,,,142.0,,50.0,,,,,,40.0,82.0,406.0,,中國國民黨,中國國民黨,中國國民黨,無黨籍及未經政黨推薦,無黨籍及未經政黨推薦,中國國民黨,無黨籍及未經政黨推薦,中國國民黨,無黨籍及未經政黨推薦,中國國民黨,親民黨,中國國民黨,無黨籍及未經政黨推薦,無黨籍及未經政黨推薦
瑞穗鄉,富源村,,,34.0,,14.0,,,,,,46.0,32.0,154.0,,中國國民黨,中國國民黨,中國國民黨,無黨籍及未經政黨推薦,無黨籍及未經政黨推薦,中國國民黨,無黨籍及未經政黨推薦,中國國民黨,無黨籍及未經政黨推薦,中國國民黨,親民黨,中國國民黨,無黨籍及未經政黨推薦,無黨籍及未經政黨推薦
瑞穗鄉,富興村,,,2.0,,12.0,,,,,,8.0,16.0,242.0,,中國國民黨,中國國民黨,中國國民黨,無黨籍及未經政黨推薦,無黨籍及未經政黨推薦,中國國民黨,無黨籍及未經政黨推薦,中國國民黨,無黨籍及未經政黨推薦,中國國民黨,親民黨,中國國民黨,無黨籍及未經政黨推薦,無黨籍及未經政黨推薦
瑞穗鄉,瑞北村,,,88.0,,28.0,,,,,,16.0,42.0,92.0,,中國國民黨,中國國民黨,中國國民黨,無黨籍及未經政黨推薦,無黨籍及未經政黨推薦,中國國民黨,無黨籍及未經政黨推薦,中國國民黨,無黨籍及未經政黨推薦,中國國民黨,親民黨,中國國民黨,無黨籍及未經政黨推薦,無黨籍及未經政黨推薦
瑞穗鄉,瑞祥村,,,70.0,,24.0,,,,,,8.0,74.0,28.0,,中國國民黨,中國國民黨,中國國民黨,無黨籍及未經政黨推薦,無黨籍及未經政黨推薦,中國國民黨,無黨籍及未經政黨推薦,中國國民黨,無黨籍及未經政黨推薦,中國國民黨,親民黨,中國國民黨,無黨籍及未經政黨推薦,無黨籍及未經政黨推薦
瑞穗鄉,瑞穗村,,,32.0,,34.0,,,,,,30.0,34.0,72.0,,中國國民黨,中國國民黨,中國國民黨,無黨籍及未經政黨推薦,無黨籍及未經政黨推薦,中國國民黨,無黨籍及未經政黨推薦,中國國民黨,無黨籍及未經政黨推薦,中國國民黨,親民黨,中國國民黨,無黨籍及未經政黨推薦,無黨籍及未經政黨推薦
瑞穗鄉,瑞美村,,,144.0,,54.0,,,,,,26.0,64.0,66.0,,中國國民黨,中國國民黨,中國國民黨,無黨籍及未經政黨推薦,無黨籍及未經政黨推薦,中國國民黨,無黨籍及未經政黨推薦,中國國民黨,無黨籍及未經政黨推薦,中國國民黨,親民黨,中國國民黨,無黨籍及未經政黨推薦,無黨籍及未經政黨推薦
瑞穗鄉,瑞良村,,,28.0,,22.0,,,,,,28.0,70.0,82.0,,中國國民黨,中國國民黨,中國國民黨,無黨籍及未經政黨推薦,無黨籍及未經政黨推薦,中國國民黨,無黨籍及未經政黨推薦,中國國民黨,無黨籍及未經政黨推薦,中國國民黨,親民黨,中國國民黨,無黨籍及未經政黨推薦,無黨籍及未經政黨推薦
瑞穗鄉,舞鶴村,,,130.0,,90.0,,,,,,344.0,38.0,46.0,,中國國民黨,中國國民黨,中國國民黨,無黨籍及未經政黨推薦,無黨籍及未經政黨推薦,中國國民黨,無黨籍及未經政黨推薦,中國國民黨,無黨籍及未經政黨推薦,中國國民黨,親民黨,中國國民黨,無黨籍及未經政黨推薦,無黨籍及未經政黨推薦
瑞穗鄉,鶴岡村,,,310.0,,116.0,,,,,,60.0,138.0,198.0,,中國國民黨,中國國民黨,中國國民黨,無黨籍及未經政黨推薦,無黨籍及未經政黨推薦,中國國民黨,無黨籍及未經政黨推薦,中國國民黨,無黨籍及未經政黨推薦,中國國民黨,親民黨,中國國民黨,無黨籍及未經政黨推薦,無黨籍及未經政黨推薦
秀林鄉,佳民村,26.0,,,34.0,,,40.0,20.0,,20.0,,,,,中國國民黨,中國國民黨,中國國民黨,無黨籍及未經政黨推薦,無黨籍及未經政黨推薦,中國國民黨,無黨籍及未經政黨推薦,中國國民黨,無黨籍及未經政黨推薦,中國國民黨,親民黨,中國國民黨,無黨籍及未經政黨推薦,無黨籍及未經政黨推薦
秀林鄉,和平村,10.0,,,14.0,,,16.0,4.0,,10.0,,,,,中國國民黨,中國國民黨,中國國民黨,無黨籍及未經政黨推薦,無黨籍及未經政黨推薦,中國國民黨,無黨籍及未經政黨推薦,中國國民黨,無黨籍及未經政黨推薦,中國國民黨,親民黨,中國國民黨,無黨籍及未經政黨推薦,無黨籍及未經政黨推薦
秀林鄉,富世村,28.0,,,8.0,,,14.0,8.0,,12.0,,,,,中國國民黨,中國國民黨,中國國民黨,無黨籍及未經政黨推薦,無黨籍及未經政黨推薦,中國國民黨,無黨籍及未經政黨推薦,中國國民黨,無黨籍及未經政黨推薦,中國國民黨,親民黨,中國國民黨,無黨籍及未經政黨推薦,無黨籍及未經政黨推薦
秀林鄉,崇德村,0.0,,,12.0,,,26.0,8.0,,8.0,,,,,中國國民黨,中國國民黨,中國國民黨,無黨籍及未經政黨推薦,無黨籍及未經政黨推薦,中國國民黨,無黨籍及未經政黨推薦,中國國民黨,無黨籍及未經政黨推薦,中國國民黨,親民黨,中國國民黨,無黨籍及未經政黨推薦,無黨籍及未經政黨推薦
秀林鄉,文蘭村,6.0,,,10.0,,,26.0,6.0,,4.0,,,,,中國國民黨,中國國民黨,中國國民黨,無黨籍及未經政黨推薦,無黨籍及未經政黨推薦,中國國民黨,無黨籍及未經政黨推薦,中國國民黨,無黨籍及未經政黨推薦,中國國民黨,親民黨,中國國民黨,無黨籍及未經政黨推薦,無黨籍及未經政黨推薦
秀林鄉,景美村,6.0,,,22.0,,,20.0,12.0,,28.0,,,,,中國國民黨,中國國民黨,中國國民黨,無黨籍及未經政黨推薦,無黨籍及未經政黨推薦,中國國民黨,無黨籍及未經政黨推薦,中國國民黨,無黨籍及未經政黨推薦,中國國民黨,親民黨,中國國民黨,無黨籍及未經政黨推薦,無黨籍及未經政黨推薦
秀林鄉,水源村,4.0,,,8.0,,,10.0,6.0,,12.0,,,,,中國國民黨,中國國民黨,中國國民黨,無黨籍及未經政黨推薦,無黨籍及未經政黨推薦,中國國民黨,無黨籍及未經政黨推薦,中國國民黨,無黨籍及未經政黨推薦,中國國民黨,親民黨,中國國民黨,無黨籍及未經政黨推薦,無黨籍及未經政黨推薦
秀林鄉,秀林村,4.0,,,12.0,,,22.0,8.0,,14.0,,,,,中國國民黨,中國國民黨,中國國民黨,無黨籍及未經政黨推薦,無黨籍及未經政黨推薦,中國國民黨,無黨籍及未經政黨推薦,中國國民黨,無黨籍及未經政黨推薦,中國國民黨,親民黨,中國國民黨,無黨籍及未經政黨推薦,無黨籍及未經政黨推薦
秀林鄉,銅門村,0.0,,,2.0,,,36.0,0.0,,0.0,,,,,中國國民黨,中國國民黨,中國國民黨,無黨籍及未經政黨推薦,無黨籍及未經政黨推薦,中國國民黨,無黨籍及未經政黨推薦,中國國民黨,無黨籍及未經政黨推薦,中國國民黨,親民黨,中國國民黨,無黨籍及未經政黨推薦,無黨籍及未經政黨推薦
花蓮市,主信里,0.0,,,0.0,,,4.0,4.0,,2.0,,,,,中國國民黨,中國國民黨,中國國民黨,無黨籍及未經政黨推薦,無黨籍及未經政黨推薦,中國國民黨,無黨籍及未經政黨推薦,中國國民黨,無黨籍及未經政黨推薦,中國國民黨,親民黨,中國國民黨,無黨籍及未經政黨推薦,無黨籍及未經政黨推薦
花蓮市,主力里,20.0,,,16.0,,,24.0,10.0,,2.0,,,,,中國國民黨,中國國民黨,中國國民黨,無黨籍及未經政黨推薦,無黨籍及未經政黨推薦,中國國民黨,無黨籍及未經政黨推薦,中國國民黨,無黨籍及未經政黨推薦,中國國民黨,親民黨,中國國民黨,無黨籍及未經政黨推薦,無黨籍及未經政黨推薦
花蓮市,主勤里,4.0,,,0.0,,,12.0,10.0,,2.0,,,,,中國國民黨,中國國民黨,中國國民黨,無黨籍及未經政黨推薦,無黨籍及未經政黨推薦,中國國民黨,無黨籍及未經政黨推薦,中國國民黨,無黨籍及未經政黨推薦,中國國民黨,親民黨,中國國民黨,無黨籍及未經政黨推薦,無黨籍及未經政黨推薦
花蓮市,主和里,8.0,,,22.0,,,34.0,24.0,,10.0,,,,,中國國民黨,中國國民黨,中國國民黨,無黨籍及未經政黨推薦,無黨籍及未經政黨推薦,中國國民黨,無黨籍及未經政黨推薦,中國國民黨,無黨籍及未經政黨推薦,中國國民黨,親民黨,中國國民黨,無黨籍及未經政黨推薦,無黨籍及未經政黨推薦
花蓮市,主商里,0.0,,,0.0,,,12.0,8.0,,0.0,,,,,中國國民黨,中國國民黨,中國國民黨,無黨籍及未經政黨推薦,無黨籍及未經政黨推薦,中國國民黨,無黨籍及未經政黨推薦,中國國民黨,無黨籍及未經政黨推薦,中國國民黨,親民黨,中國國民黨,無黨籍及未經政黨推薦,無黨籍及未經政黨推薦
花蓮市,主學里,4.0,,,0.0,,,18.0,16.0,,8.0,,,,,中國國民黨,中國國民黨,中國國民黨,無黨籍及未經政黨推薦,無黨籍及未經政黨推薦,中國國民黨,無黨籍及未經政黨推薦,中國國民黨,無黨籍及未經政黨推薦,中國國民黨,親民黨,中國國民黨,無黨籍及未經政黨推薦,無黨籍及未經政黨推薦
花蓮市,主安里,6.0,,,20.0,,,26.0,14.0,,10.0,,,,,中國國民黨,中國國民黨,中國國民黨,無黨籍及未經政黨推薦,無黨籍及未經政黨推薦,中國國民黨,無黨籍及未經政黨推薦,中國國民黨,無黨籍及未經政黨推薦,中國國民黨,親民黨,中國國民黨,無黨籍及未經政黨推薦,無黨籍及未經政黨推薦
花蓮市,主工里,2.0,,,0.0,,,4.0,0.0,,6.0,,,,,中國國民黨,中國國民黨,中國國民黨,無黨籍及未經政黨推薦,無黨籍及未經政黨推薦,中國國民黨,無黨籍及未經政黨推薦,中國國民黨,無黨籍及未經政黨推薦,中國國民黨,親民黨,中國國民黨,無黨籍及未經政黨推薦,無黨籍及未經政黨推薦
花蓮市,主權里,84.0,,,114.0,,,336.0,70.0,,118.0,,,,,中國國民黨,中國國民黨,中國國民黨,無黨籍及未經政黨推薦,無黨籍及未經政黨推薦,中國國民黨,無黨籍及未經政黨推薦,中國國民黨,無黨籍及未經政黨推薦,中國國民黨,親民黨,中國國民黨,無黨籍及未經政黨推薦,無黨籍及未經政黨推薦
花蓮市,主睦里,0.0,,,2.0,,,10.0,0.0,,2.0,,,,,中國國民黨,中國國民黨,中國國民黨,無黨籍及未經政黨推薦,無黨籍及未經政黨推薦,中國國民黨,無黨籍及未經政黨推薦,中國國民黨,無黨籍及未經政黨推薦,中國國民黨,親民黨,中國國民黨,無黨籍及未經政黨推薦,無黨籍及未經政黨推薦
花蓮市,主義里,2.0,,,0.0,,,4.0,2.0,,0.0,,,,,中國國民黨,中國國民黨,中國國民黨,無黨籍及未經政黨推薦,無黨籍及未經政黨推薦,中國國民黨,無黨籍及未經政黨推薦,中國國民黨,無黨籍及未經政黨推薦,中國國民黨,親民黨,中國國民黨,無黨籍及未經政黨推薦,無黨籍及未經政黨推薦
花蓮市,主計里,6.0,,,0.0,,,4.0,8.0,,8.0,,,,,中國國民黨,中國國民黨,中國國民黨,無黨籍及未經政黨推薦,無黨籍及未經政黨推薦,中國國民黨,無黨籍及未經政黨推薦,中國國民黨,無黨籍及未經政黨推薦,中國國民黨,親民黨,中國國民黨,無黨籍及未經政黨推薦,無黨籍及未經政黨推薦
花蓮市,主農里,52.0,,,38.0,,,76.0,38.0,,48.0,,,,,中國國民黨,中國國民黨,中國國民黨,無黨籍及未經政黨推薦,無黨籍及未經政黨推薦,中國國民黨,無黨籍及未經政黨推薦,中國國民黨,無黨籍及未經政黨推薦,中國國民黨,親民黨,中國國民黨,無黨籍及未經政黨推薦,無黨籍及未經政黨推薦
花蓮市,國光里,2.0,,,2.0,,,22.0,10.0,,12.0,,,,,中國國民黨,中國國民黨,中國國民黨,無黨籍及未經政黨推薦,無黨籍及未經政黨推薦,中國國民黨,無黨籍及未經政黨推薦,中國國民黨,無黨籍及未經政黨推薦,中國國民黨,親民黨,中國國民黨,無黨籍及未經政黨推薦,無黨籍及未經政黨推薦
花蓮市,國威里,10.0,,,14.0,,,12.0,6.0,,14.0,,,,,中國國民黨,中國國民黨,中國國民黨,無黨籍及未經政黨推薦,無黨籍及未經政黨推薦,中國國民黨,無黨籍及未經政黨推薦,中國國民黨,無黨籍及未經政黨推薦,中國國民黨,親民黨,中國國民黨,無黨籍及未經政黨推薦,無黨籍及未經政黨推薦
花蓮市,國安里,2.0,,,2.0,,,10.0,4.0,,10.0,,,,,中國國民黨,中國國民黨,中國國民黨,無黨籍及未經政黨推薦,無黨籍及未經政黨推薦,中國國民黨,無黨籍及未經政黨推薦,中國國民黨,無黨籍及未經政黨推薦,中國國民黨,親民黨,中國國民黨,無黨籍及未經政黨推薦,無黨籍及未經政黨推薦
花蓮市,國富里,40.0,,,76.0,,,74.0,44.0,,88.0,,,,,中國國民黨,中國國民黨,中國國民黨,無黨籍及未經政黨推薦,無黨籍及未經政黨推薦,中國國民黨,無黨籍及未經政黨推薦,中國國民黨,無黨籍及未經政黨推薦,中國國民黨,親民黨,中國國民黨,無黨籍及未經政黨推薦,無黨籍及未經政黨推薦
花蓮市,國強里,12.0,,,36.0,,,42.0,16.0,,120.0,,,,,中國國民黨,中國國民黨,中國國民黨,無黨籍及未經政黨推薦,無黨籍及未經政黨推薦,中國國民黨,無黨籍及未經政黨推薦,中國國民黨,無黨籍及未經政黨推薦,中國國民黨,親民黨,中國國民黨,無黨籍及未經政黨推薦,無黨籍及未經政黨推薦
花蓮市,國慶里,14.0,,,54.0,,,28.0,6.0,,60.0,,,,,中國國民黨,中國國民黨,中國國民黨,無黨籍及未經政黨推薦,無黨籍及未經政黨推薦,中國國民黨,無黨籍及未經政黨推薦,中國國民黨,無黨籍及未經政黨推薦,中國國民黨,親民黨,中國國民黨,無黨籍及未經政黨推薦,無黨籍及未經政黨推薦
花蓮市,國治里,6.0,,,2.0,,,28.0,2.0,,6.0,,,,,中國國民黨,中國國民黨,中國國民黨,無黨籍及未經政黨推薦,無黨籍及未經政黨推薦,中國國民黨,無黨籍及未經政黨推薦,中國國民黨,無黨籍及未經政黨推薦,中國國民黨,親民黨,中國國民黨,無黨籍及未經政黨推薦,無黨籍及未經政黨推薦
花蓮市,國盛里,40.0,,,22.0,,,90.0,34.0,,50.0,,,,,中國國民黨,中國國民黨,中國國民黨,無黨籍及未經政黨推薦,無黨籍及未經政黨推薦,中國國民黨,無黨籍及未經政黨推薦,中國國民黨,無黨籍及未經政黨推薦,中國國民黨,親民黨,中國國民黨,無黨籍及未經政黨推薦,無黨籍及未經政黨推薦
花蓮市,國福里,62.0,,,156.0,,,50.0,44.0,,268.0,,,,,中國國民黨,中國國民黨,中國國民黨,無黨籍及未經政黨推薦,無黨籍及未經政黨推薦,中國國民黨,無黨籍及未經政黨推薦,中國國民黨,無黨籍及未經政黨推薦,中國國民黨,親民黨,中國國民黨,無黨籍及未經政黨推薦,無黨籍及未經政黨推薦
花蓮市,國聯里,20.0,,,14.0,,,26.0,22.0,,16.0,,,,,中國國民黨,中國國民黨,中國國民黨,無黨籍及未經政黨推薦,無黨籍及未經政黨推薦,中國國民黨,無黨籍及未經政黨推薦,中國國民黨,無黨籍及未經政黨推薦,中國國民黨,親民黨,中國國民黨,無黨籍及未經政黨推薦,無黨籍及未經政黨推薦
花蓮市,國興里,34.0,,,42.0,,,62.0,38.0,,108.0,,,,,中國國民黨,中國國民黨,中國國民黨,無黨籍及未經政黨推薦,無黨籍及未經政黨推薦,中國國民黨,無黨籍及未經政黨推薦,中國國民黨,無黨籍及未經政黨推薦,中國國民黨,親民黨,中國國民黨,無黨籍及未經政黨推薦,無黨籍及未經政黨推薦
花蓮市,國華里,10.0,,,8.0,,,18.0,6.0,,12.0,,,,,中國國民黨,中國國民黨,中國國民黨,無黨籍及未經政黨推薦,無黨籍及未經政黨推薦,中國國民黨,無黨籍及未經政黨推薦,中國國民黨,無黨籍及未經政黨推薦,中國國民黨,親民黨,中國國民黨,無黨籍及未經政黨推薦,無黨籍及未經政黨推薦
花蓮市,國裕里,34.0,,,58.0,,,112.0,34.0,,124.0,,,,,中國國民黨,中國國民黨,中國國民黨,無黨籍及未經政黨推薦,無黨籍及未經政黨推薦,中國國民黨,無黨籍及未經政黨推薦,中國國民黨,無黨籍及未經政黨推薦,中國國民黨,親民黨,中國國民黨,無黨籍及未經政黨推薦,無黨籍及未經政黨推薦
花蓮市,國防里,8.0,,,6.0,,,22.0,2.0,,14.0,,,,,中國國民黨,中國國民黨,中國國民黨,無黨籍及未經政黨推薦,無黨籍及未經政黨推薦,中國國民黨,無黨籍及未經政黨推薦,中國國民黨,無黨籍及未經政黨推薦,中國國民黨,親民黨,中國國民黨,無黨籍及未經政黨推薦,無黨籍及未經政黨推薦
花蓮市,國風里,22.0,,,18.0,,,36.0,14.0,,12.0,,,,,中國國民黨,中國國民黨,中國國民黨,無黨籍及未經政黨推薦,無黨籍及未經政黨推薦,中國國民黨,無黨籍及未經政黨推薦,中國國民黨,無黨籍及未經政黨推薦,中國國民黨,親民黨,中國國民黨,無黨籍及未經政黨推薦,無黨籍及未經政黨推薦
花蓮市,國魂里,18.0,,,8.0,,,28.0,18.0,,28.0,,,,,中國國民黨,中國國民黨,中國國民黨,無黨籍及未經政黨推薦,無黨籍及未經政黨推薦,中國國民黨,無黨籍及未經政黨推薦,中國國民黨,無黨籍及未經政黨推薦,中國國民黨,親民黨,中國國民黨,無黨籍及未經政黨推薦,無黨籍及未經政黨推薦
花蓮市,民主里,10.0,,,8.0,,,4.0,6.0,,12.0,,,,,中國國民黨,中國國民黨,中國國民黨,無黨籍及未經政黨推薦,無黨籍及未經政黨推薦,中國國民黨,無黨籍及未經政黨推薦,中國國民黨,無黨籍及未經政黨推薦,中國國民黨,親民黨,中國國民黨,無黨籍及未經政黨推薦,無黨籍及未經政黨推薦
花蓮市,民享里,38.0,,,44.0,,,88.0,34.0,,104.0,,,,,中國國民黨,中國國民黨,中國國民黨,無黨籍及未經政黨推薦,無黨籍及未經政黨推薦,中國國民黨,無黨籍及未經政黨推薦,中國國民黨,無黨籍及未經政黨推薦,中國國民黨,親民黨,中國國民黨,無黨籍及未經政黨推薦,無黨籍及未經政黨推薦
花蓮市,民勤里,36.0,,,30.0,,,48.0,32.0,,48.0,,,,,中國國民黨,中國國民黨,中國國民黨,無黨籍及未經政黨推薦,無黨籍及未經政黨推薦,中國國民黨,無黨籍及未經政黨推薦,中國國民黨,無黨籍及未經政黨推薦,中國國民黨,親民黨,中國國民黨,無黨籍及未經政黨推薦,無黨籍及未經政黨推薦
花蓮市,民孝里,96.0,,,78.0,,,122.0,56.0,,136.0,,,,,中國國民黨,中國國民黨,中國國民黨,無黨籍及未經政黨推薦,無黨籍及未經政黨推薦,中國國民黨,無黨籍及未經政黨推薦,中國國民黨,無黨籍及未經政黨推薦,中國國民黨,親民黨,中國國民黨,無黨籍及未經政黨推薦,無黨籍及未經政黨推薦
花蓮市,民德里,6.0,,,2.0,,,16.0,10.0,,6.0,,,,,中國國民黨,中國國民黨,中國國民黨,無黨籍及未經政黨推薦,無黨籍及未經政黨推薦,中國國民黨,無黨籍及未經政黨推薦,中國國民黨,無黨籍及未經政黨推薦,中國國民黨,親民黨,中國國民黨,無黨籍及未經政黨推薦,無黨籍及未經政黨推薦
花蓮市,民心里,18.0,,,22.0,,,24.0,4.0,,14.0,,,,,中國國民黨,中國國民黨,中國國民黨,無黨籍及未經政黨推薦,無黨籍及未經政黨推薦,中國國民黨,無黨籍及未經政黨推薦,中國國民黨,無黨籍及未經政黨推薦,中國國民黨,親民黨,中國國民黨,無黨籍及未經政黨推薦,無黨籍及未經政黨推薦
花蓮市,民意里,36.0,,,34.0,,,64.0,22.0,,92.0,,,,,中國國民黨,中國國民黨,中國國民黨,無黨籍及未經政黨推薦,無黨籍及未經政黨推薦,中國國民黨,無黨籍及未經政黨推薦,中國國民黨,無黨籍及未經政黨推薦,中國國民黨,親民黨,中國國民黨,無黨籍及未經政黨推薦,無黨籍及未經政黨推薦
花蓮市,民政里,68.0,,,22.0,,,84.0,38.0,,74.0,,,,,中國國民黨,中國國民黨,中國國民黨,無黨籍及未經政黨推薦,無黨籍及未經政黨推薦,中國國民黨,無黨籍及未經政黨推薦,中國國民黨,無黨籍及未經政黨推薦,中國國民黨,親民黨,中國國民黨,無黨籍及未經政黨推薦,無黨籍及未經政黨推薦
花蓮市,民族里,2.0,,,0.0,,,2.0,2.0,,2.0,,,,,中國國民黨,中國國民黨,中國國民黨,無黨籍及未經政黨推薦,無黨籍及未經政黨推薦,中國國民黨,無黨籍及未經政黨推薦,中國國民黨,無黨籍及未經政黨推薦,中國國民黨,親民黨,中國國民黨,無黨籍及未經政黨推薦,無黨籍及未經政黨推薦
花蓮市,民有里,8.0,,,0.0,,,8.0,2.0,,0.0,,,,,中國國民黨,中國國民黨,中國國民黨,無黨籍及未經政黨推薦,無黨籍及未經政黨推薦,中國國民黨,無黨籍及未經政黨推薦,中國國民黨,無黨籍及未經政黨推薦,中國國民黨,親民黨,中國國民黨,無黨籍及未經政黨推薦,無黨籍及未經政黨推薦
花蓮市,民樂里,38.0,,,6.0,,,18.0,2.0,,38.0,,,,,中國國民黨,中國國民黨,中國國民黨,無黨籍及未經政黨推薦,無黨籍及未經政黨推薦,中國國民黨,無黨籍及未經政黨推薦,中國國民黨,無黨籍及未經政黨推薦,中國國民黨,親民黨,中國國民黨,無黨籍及未經政黨推薦,無黨籍及未經政黨推薦
花蓮市,民權里,6.0,,,0.0,,,4.0,2.0,,2.0,,,,,中國國民黨,中國國民黨,中國國民黨,無黨籍及未經政黨推薦,無黨籍及未經政黨推薦,中國國民黨,無黨籍及未經政黨推薦,中國國民黨,無黨籍及未經政黨推薦,中國國民黨,親民黨,中國國民黨,無黨籍及未經政黨推薦,無黨籍及未經政黨推薦
花蓮市,民治里,0.0,,,0.0,,,0.0,0.0,,0.0,,,,,中國國民黨,中國國民黨,中國國民黨,無黨籍及未經政黨推薦,無黨籍及未經政黨推薦,中國國民黨,無黨籍及未經政黨推薦,中國國民黨,無黨籍及未經政黨推薦,中國國民黨,親民黨,中國國民黨,無黨籍及未經政黨推薦,無黨籍及未經政黨推薦
花蓮市,民生里,0.0,,,2.0,,,4.0,2.0,,6.0,,,,,中國國民黨,中國國民黨,中國國民黨,無黨籍及未經政黨推薦,無黨籍及未經政黨推薦,中國國民黨,無黨籍及未經政黨推薦,中國國民黨,無黨籍及未經政黨推薦,中國國民黨,親民黨,中國國民黨,無黨籍及未經政黨推薦,無黨籍及未經政黨推薦
花蓮市,民立里,36.0,,,18.0,,,34.0,6.0,,10.0,,,,,中國國民黨,中國國民黨,中國國民黨,無黨籍及未經政黨推薦,無黨籍及未經政黨推薦,中國國民黨,無黨籍及未經政黨推薦,中國國民黨,無黨籍及未經政黨推薦,中國國民黨,親民黨,中國國民黨,無黨籍及未經政黨推薦,無黨籍及未經政黨推薦
花蓮市,民運里,68.0,,,28.0,,,32.0,10.0,,24.0,,,,,中國國民黨,中國國民黨,中國國民黨,無黨籍及未經政黨推薦,無黨籍及未經政黨推薦,中國國民黨,無黨籍及未經政黨推薦,中國國民黨,無黨籍及未經政黨推薦,中國國民黨,親民黨,中國國民黨,無黨籍及未經政黨推薦,無黨籍及未經政黨推薦
萬榮鄉,明利村,,4.0,,,,12.0,,,14.0,,,,,8.0,中國國民黨,中國國民黨,中國國民黨,無黨籍及未經政黨推薦,無黨籍及未經政黨推薦,中國國民黨,無黨籍及未經政黨推薦,中國國民黨,無黨籍及未經政黨推薦,中國國民黨,親民黨,中國國民黨,無黨籍及未經政黨推薦,無黨籍及未經政黨推薦
萬榮鄉,紅葉村,,2.0,,,,16.0,,,2.0,,,,,12.0,中國國民黨,中國國民黨,中國國民黨,無黨籍及未經政黨推薦,無黨籍及未經政黨推薦,中國國民黨,無黨籍及未經政黨推薦,中國國民黨,無黨籍及未經政黨推薦,中國國民黨,親民黨,中國國民黨,無黨籍及未經政黨推薦,無黨籍及未經政黨推薦
萬榮鄉,萬榮村,,6.0,,,,12.0,,,0.0,,,,,12.0,中國國民黨,中國國民黨,中國國民黨,無黨籍及未經政黨推薦,無黨籍及未經政黨推薦,中國國民黨,無黨籍及未經政黨推薦,中國國民黨,無黨籍及未經政黨推薦,中國國民黨,親民黨,中國國民黨,無黨籍及未經政黨推薦,無黨籍及未經政黨推薦
萬榮鄉,西林村,,4.0,,,,10.0,,,14.0,,,,,6.0,中國國民黨,中國國民黨,中國國民黨,無黨籍及未經政黨推薦,無黨籍及未經政黨推薦,中國國民黨,無黨籍及未經政黨推薦,中國國民黨,無黨籍及未經政黨推薦,中國國民黨,親民黨,中國國民黨,無黨籍及未經政黨推薦,無黨籍及未經政黨推薦
萬榮鄉,見晴村,,2.0,,,,2.0,,,0.0,,,,,4.0,中國國民黨,中國國民黨,中國國民黨,無黨籍及未經政黨推薦,無黨籍及未經政黨推薦,中國國民黨,無黨籍及未經政黨推薦,中國國民黨,無黨籍及未經政黨推薦,中國國民黨,親民黨,中國國民黨,無黨籍及未經政黨推薦,無黨籍及未經政黨推薦
萬榮鄉,馬遠村,,16.0,,,,4.0,,,4.0,,,,,18.0,中國國民黨,中國國民黨,中國國民黨,無黨籍及未經政黨推薦,無黨籍及未經政黨推薦,中國國民黨,無黨籍及未經政黨推薦,中國國民黨,無黨籍及未經政黨推薦,中國國民黨,親民黨,中國國民黨,無黨籍及未經政黨推薦,無黨籍及未經政黨推薦
豐濱鄉,新社村,,248.0,,,,232.0,,,92.0,,,,,50.0,中國國民黨,中國國民黨,中國國民黨,無黨籍及未經政黨推薦,無黨籍及未經政黨推薦,中國國民黨,無黨籍及未經政黨推薦,中國國民黨,無黨籍及未經政黨推薦,中國國民黨,親民黨,中國國民黨,無黨籍及未經政黨推薦,無黨籍及未經政黨推薦
豐濱鄉,港口村,,230.0,,,,268.0,,,140.0,,,,,252.0,中國國民黨,中國國民黨,中國國民黨,無黨籍及未經政黨推薦,無黨籍及未經政黨推薦,中國國民黨,無黨籍及未經政黨推薦,中國國民黨,無黨籍及未經政黨推薦,中國國民黨,親民黨,中國國民黨,無黨籍及未經政黨推薦,無黨籍及未經政黨推薦
豐濱鄉,磯崎村,,208.0,,,,134.0,,,48.0,,,,,42.0,中國國民黨,中國國民黨,中國國民黨,無黨籍及未經政黨推薦,無黨籍及未經政黨推薦,中國國民黨,無黨籍及未經政黨推薦,中國國民黨,無黨籍及未經政黨推薦,中國國民黨,親民黨,中國國民黨,無黨籍及未經政黨推薦,無黨籍及未經政黨推薦
豐濱鄉,豐濱村,,492.0,,,,728.0,,,296.0,,,,,112.0,中國國民黨,中國國民黨,中國國民黨,無黨籍及未經政黨推薦,無黨籍及未經政黨推薦,中國國民黨,無黨籍及未經政黨推薦,中國國民黨,無黨籍及未經政黨推薦,中國國民黨,親民黨,中國國民黨,無黨籍及未經政黨推薦,無黨籍及未經政黨推薦
豐濱鄉,靜浦村,,330.0,,,,248.0,,,146.0,,,,,76.0,中國國民黨,中國國民黨,中國國民黨,無黨籍及未經政黨推薦,無黨籍及未經政黨推薦,中國國民黨,無黨籍及未經政黨推薦,中國國民黨,無黨籍及未經政黨推薦,中國國民黨,親民黨,中國國民黨,無黨籍及未經政黨推薦,無黨籍及未經政黨推薦
鳳林鎮,北林里,,4.0,,,,0.0,,,4.0,,,,,8.0,中國國民黨,中國國民黨,中國國民黨,無黨籍及未經政黨推薦,無黨籍及未經政黨推薦,中國國民黨,無黨籍及未經政黨推薦,中國國民黨,無黨籍及未經政黨推薦,中國國民黨,親民黨,中國國民黨,無黨籍及未經政黨推薦,無黨籍及未經政黨推薦
鳳林鎮,南平里,,2.0,,,,0.0,,,2.0,,,,,4.0,中國國民黨,中國國民黨,中國國民黨,無黨籍及未經政黨推薦,無黨籍及未經政黨推薦,中國國民黨,無黨籍及未經政黨推薦,中國國民黨,無黨籍及未經政黨推薦,中國國民黨,親民黨,中國國民黨,無黨籍及未經政黨推薦,無黨籍及未經政黨推薦
鳳林鎮,大榮里,,38.0,,,,56.0,,,46.0,,,,,36.0,中國國民黨,中國國民黨,中國國民黨,無黨籍及未經政黨推薦,無黨籍及未經政黨推薦,中國國民黨,無黨籍及未經政黨推薦,中國國民黨,無黨籍及未經政黨推薦,中國國民黨,親民黨,中國國民黨,無黨籍及未經政黨推薦,無黨籍及未經政黨推薦
鳳林鎮,山興里,,48.0,,,,122.0,,,116.0,,,,,178.0,中國國民黨,中國國民黨,中國國民黨,無黨籍及未經政黨推薦,無黨籍及未經政黨推薦,中國國民黨,無黨籍及未經政黨推薦,中國國民黨,無黨籍及未經政黨推薦,中國國民黨,親民黨,中國國民黨,無黨籍及未經政黨推薦,無黨籍及未經政黨推薦
鳳林鎮,林榮里,,0.0,,,,8.0,,,12.0,,,,,4.0,中國國民黨,中國國民黨,中國國民黨,無黨籍及未經政黨推薦,無黨籍及未經政黨推薦,中國國民黨,無黨籍及未經政黨推薦,中國國民黨,無黨籍及未經政黨推薦,中國國民黨,親民黨,中國國民黨,無黨籍及未經政黨推薦,無黨籍及未經政黨推薦
鳳林鎮,森榮里,,28.0,,,,2.0,,,24.0,,,,,6.0,中國國民黨,中國國民黨,中國國民黨,無黨籍及未經政黨推薦,無黨籍及未經政黨推薦,中國國民黨,無黨籍及未經政黨推薦,中國國民黨,無黨籍及未經政黨推薦,中國國民黨,親民黨,中國國民黨,無黨籍及未經政黨推薦,無黨籍及未經政黨推薦
鳳林鎮,長橋里,,56.0,,,,16.0,,,32.0,,,,,26.0,中國國民黨,中國國民黨,中國國民黨,無黨籍及未經政黨推薦,無黨籍及未經政黨推薦,中國國民黨,無黨籍及未經政黨推薦,中國國民黨,無黨籍及未經政黨推薦,中國國民黨,親民黨,中國國民黨,無黨籍及未經政黨推薦,無黨籍及未經政黨推薦
鳳林鎮,鳳仁里,,8.0,,,,2.0,,,8.0,,,,,18.0,中國國民黨,中國國民黨,中國國民黨,無黨籍及未經政黨推薦,無黨籍及未經政黨推薦,中國國民黨,無黨籍及未經政黨推薦,中國國民黨,無黨籍及未經政黨推薦,中國國民黨,親民黨,中國國民黨,無黨籍及未經政黨推薦,無黨籍及未經政黨推薦
鳳林鎮,鳳信里,,126.0,,,,100.0,,,206.0,,,,,248.0,中國國民黨,中國國民黨,中國國民黨,無黨籍及未經政黨推薦,無黨籍及未經政黨推薦,中國國民黨,無黨籍及未經政黨推薦,中國國民黨,無黨籍及未經政黨推薦,中國國民黨,親民黨,中國國民黨,無黨籍及未經政黨推薦,無黨籍及未經政黨推薦
鳳林鎮,鳳智里,,6.0,,,,20.0,,,16.0,,,,,40.0,中國國民黨,中國國民黨,中國國民黨,無黨籍及未經政黨推薦,無黨籍及未經政黨推薦,中國國民黨,無黨籍及未經政黨推薦,中國國民黨,無黨籍及未經政黨推薦,中國國民黨,親民黨,中國國民黨,無黨籍及未經政黨推薦,無黨籍及未經政黨推薦
鳳林鎮,鳳禮里,,8.0,,,,4.0,,,6.0,,,,,6.0,中國國民黨,中國國民黨,中國國民黨,無黨籍及未經政黨推薦,無黨籍及未經政黨推薦,中國國民黨,無黨籍及未經政黨推薦,中國國民黨,無黨籍及未經政黨推薦,中國國民黨,親民黨,中國國民黨,無黨籍及未經政黨推薦,無黨籍及未經政黨推薦
鳳林鎮,鳳義里,,4.0,,,,2.0,,,2.0,,,,,10.0,中國國民黨,中國國民黨,中國國民黨,無黨籍及未經政黨推薦,無黨籍及未經政黨推薦,中國國民黨,無黨籍及未經政黨推薦,中國國民黨,無黨籍及未經政黨推薦,中國國民黨,親民黨,中國國民黨,無黨籍及未經政黨推薦,無黨籍及未經政黨推薦
