行政區別,村里別,傅崐萁,徐榛蔚,朱國華,柯賜海,蔡啟塔,黄師鵬,傅崐萁_黨籍,徐榛蔚_黨籍,朱國華_黨籍,柯賜海_黨籍,蔡啟塔_黨籍,黄師鵬_黨籍
光復鄉,北富村,822,40,4,66,192,12,無黨籍及未經政黨推薦,無黨籍及未經政黨推薦,無黨籍及未經政黨推薦,無黨籍及未經政黨推薦,中國國民黨,無黨籍及未經政黨推薦
光復鄉,南富村,704,26,6,66,238,10,無黨籍及未經政黨推薦,無黨籍及未經政黨推薦,無黨籍及未經政黨推薦,無黨籍及未經政黨推薦,中國國民黨,無黨籍及未經政黨推薦
光復鄉,大全村,692,28,10,74,144,6,無黨籍及未經政黨推薦,無黨籍及未經政黨推薦,無黨籍及未經政黨推薦,無黨籍及未經政黨推薦,中國國民黨,無黨籍及未經政黨推薦
光復鄉,大同村,846,34,14,108,358,16,無黨籍及未經政黨推薦,無黨籍及未經政黨推薦,無黨籍及未經政黨推薦,無黨籍及未經政黨推薦,中國國民黨,無黨籍及未經政黨推薦
光復鄉,大安村,712,30,20,100,326,12,無黨籍及未經政黨推薦,無黨籍及未經政黨推薦,無黨籍及未經政黨推薦,無黨籍及未經政黨推薦,中國國民黨,無黨籍及未經政黨推薦
光復鄉,大富村,246,16,4,46,116,12,無黨籍及未經政黨推薦,無黨籍及未經政黨推薦,無黨籍及未經政黨推薦,無黨籍及未經政黨推薦,中國國民黨,無黨籍及未經政黨推薦
光復鄉,大平村,710,34,8,58,298,16,無黨籍及未經政黨推薦,無黨籍及未經政黨推薦,無黨籍及未經政黨推薦,無黨籍及未經政黨推薦,中國國民黨,無黨籍及未經政黨推薦
光復鄉,大興村,472,18,0,26,116,2,無黨籍及未經政黨推薦,無黨籍及未經政黨推薦,無黨籍及未經政黨推薦,無黨籍及未經政黨推薦,中國國民黨,無黨籍及未經政黨推薦
光復鄉,大華村,1004,44,24,160,492,10,無黨籍及未經政黨推薦,無黨籍及未經政黨推薦,無黨籍及未經政黨推薦,無黨籍及未經政黨推薦,中國國民黨,無黨籍及未經政黨推薦
光復鄉,大豐村,408,8,4,50,146,12,無黨籍及未經政黨推薦,無黨籍及未經政黨推薦,無黨籍及未經政黨推薦,無黨籍及未經政黨推薦,中國國民黨,無黨籍及未經政黨推薦
光復鄉,大進村,420,12,0,60,194,10,無黨籍及未經政黨推薦,無黨籍及未經政黨推薦,無黨籍及未經政黨推薦,無黨籍及未經政黨推薦,中國國民黨,無黨籍及未經政黨推薦
光復鄉,大馬村,740,48,16,116,300,14,無黨籍及未經政黨推薦,無黨籍及未經政黨推薦,無黨籍及未經政黨推薦,無黨籍及未經政黨推薦,中國國民黨,無黨籍及未經政黨推薦
光復鄉,東富村,844,58,6,56,256,20,無黨籍及未經政黨推薦,無黨籍及未經政黨推薦,無黨籍及未經政黨推薦,無黨籍及未經政黨推薦,中國國民黨,無黨籍及未經政黨推薦
光復鄉,西富村,836,32,14,94,184,6,無黨籍及未經政黨推薦,無黨籍及未經政黨推薦,無黨籍及未經政黨推薦,無黨籍及未經政黨推薦,中國國民黨,無黨籍及未經政黨推薦
卓溪鄉,卓清村,970,26,14,66,208,8,無黨籍及未經政黨推薦,無黨籍及未經政黨推薦,無黨籍及未經政黨推薦,無黨籍及未經政黨推薦,中國國民黨,無黨籍及未經政黨推薦
卓溪鄉,卓溪村,660,18,2,36,262,8,無黨籍及未經政黨推薦,無黨籍及未經政黨推薦,無黨籍及未經政黨推薦,無黨籍及未經政黨推薦,中國國民黨,無黨籍及未經政黨推薦
卓溪鄉,古風村,788,22,14,68,420,0,無黨籍及未經政黨推薦,無黨籍及未經政黨推薦,無黨籍及未經政黨推薦,無黨籍及未經政黨推薦,中國國民黨,無黨籍及未經政黨推薦
卓溪鄉,太平村,632,20,4,46,264,8,無黨籍及未經政黨推薦,無黨籍及未經政黨推薦,無黨籍及未經政黨推薦,無黨籍及未經政黨推薦,中國國民黨,無黨籍及未經政黨推薦
卓溪鄉,崙山村,522,20,4,24,180,2,無黨籍及未經政黨推薦,無黨籍及未經政黨推薦,無黨籍及未經政黨推薦,無黨籍及未經政黨推薦,中國國民黨,無黨籍及未經政黨推薦
卓溪鄉,立山村,1208,22,8,94,296,8,無黨籍及未經政黨推薦,無黨籍及未經政黨推薦,無黨籍及未經政黨推薦,無黨籍及未經政黨推薦,中國國民黨,無黨籍及未經政黨推薦
吉安鄉,仁和村,2510,164,56,504,968,68,無黨籍及未經政黨推薦,無黨籍及未經政黨推薦,無黨籍及未經政黨推薦,無黨籍及未經政黨推薦,中國國民黨,無黨籍及未經政黨推薦
吉安鄉,仁安村,1262,102,36,314,506,30,無黨籍及未經政黨推薦,無黨籍及未經政黨推薦,無黨籍及未經政黨推薦,無黨籍及未經政黨推薦,中國國民黨,無黨籍及未經政黨推薦
吉安鄉,仁里村,3486,250,122,636,1772,110,無黨籍及未經政黨推薦,無黨籍及未經政黨推薦,無黨籍及未經政黨推薦,無黨籍及未經政黨推薦,中國國民黨,無黨籍及未經政黨推薦
吉安鄉,光華村,1064,66,18,212,506,38,無黨籍及未經政黨推薦,無黨籍及未經政黨推薦,無黨籍及未經政黨推薦,無黨籍及未經政黨推薦,中國國民黨,無黨籍及未經政黨推薦
吉安鄉,勝安村,2242,200,78,598,1652,128,無黨籍及未經政黨推薦,無黨籍及未經政黨推薦,無黨籍及未經政黨推薦,無黨籍及未經政黨推薦,中國國民黨,無黨籍及未經政黨推薦
吉安鄉,北昌村,3310,286,112,748,2348,182,無黨籍及未經政黨推薦,無黨籍及未經政黨推薦,無黨籍及未經政黨推薦,無黨籍及未經政黨推薦,中國國民黨,無黨籍及未經政黨推薦
吉安鄉,南昌村,1954,168,72,410,1180,66,無黨籍及未經政黨推薦,無黨籍及未經政黨推薦,無黨籍及未經政黨推薦,無黨籍及未經政黨推薦,中國國民黨,無黨籍及未經政黨推薦
吉安鄉,南華村,1074,76,18,158,310,20,無黨籍及未經政黨推薦,無黨籍及未經政黨推薦,無黨籍及未經政黨推薦,無黨籍及未經政黨推薦,中國國民黨,無黨籍及未經政黨推薦
吉安鄉,吉安村,2518,220,110,512,1350,132,無黨籍及未經政黨推薦,無黨籍及未經政黨推薦,無黨籍及未經政黨推薦,無黨籍及未經政黨推薦,中國國民黨,無黨籍及未經政黨推薦
吉安鄉,太昌村,2042,170,66,414,966,90,無黨籍及未經政黨推薦,無黨籍及未經政黨推薦,無黨籍及未經政黨推薦,無黨籍及未經政黨推薦,中國國民黨,無黨籍及未經政黨推薦
吉安鄉,宜昌村,2166,160,58,446,1196,78,無黨籍及未經政黨推薦,無黨籍及未經政黨推薦,無黨籍及未經政黨推薦,無黨籍及未經政黨推薦,中國國民黨,無黨籍及未經政黨推薦
吉安鄉,干城村,784,70,16,154,360,22,無黨籍及未經政黨推薦,無黨籍及未經政黨推薦,無黨籍及未經政黨推薦,無黨籍及未經政黨推薦,中國國民黨,無黨籍及未經政黨推薦
吉安鄉,慶豐村,3908,312,132,624,1840,154,無黨籍及未經政黨推薦,無黨籍及未經政黨推薦,無黨籍及未經政黨推薦,無黨籍及未經政黨推薦,中國國民黨,無黨籍及未經政黨推薦
吉安鄉,東昌村,2824,238,128,472,1566,94,無黨籍及未經政黨推薦,無黨籍及未經政黨推薦,無黨籍及未經政黨推薦,無黨籍及未經政黨推薦,中國國民黨,無黨籍及未經政黨推薦
吉安鄉,永安村,2006,212,92,438,1264,84,無黨籍及未經政黨推薦,無黨籍及未經政黨推薦,無黨籍及未經政黨推薦,無黨籍及未經政黨推薦,中國國民黨,無黨籍及未經政黨推薦
吉安鄉,永興村,1980,110,34,272,668,32,無黨籍及未經政黨推薦,無黨籍及未經政黨推薦,無黨籍及未經政黨推薦,無黨籍及未經政黨推薦,中國國民黨,無黨籍及未經政黨推薦
吉安鄉,福興村,1806,124,34,370,672,62,無黨籍及未經政黨推薦,無黨籍及未經政黨推薦,無黨籍及未經政黨推薦,無黨籍及未經政黨推薦,中國國民黨,無黨籍及未經政黨推薦
吉安鄉,稻香村,1982,130,60,440,838,92,無黨籍及未經政黨推薦,無黨籍及未經政黨推薦,無黨籍及未經政黨推薦,無黨籍及未經政黨推薦,中國國民黨,無黨籍及未經政黨推薦
壽豐鄉,光榮村,600,40,4,138,292,10,無黨籍及未經政黨推薦,無黨籍及未經政黨推薦,無黨籍及未經政黨推薦,無黨籍及未經政黨推薦,中國國民黨,無黨籍及未經政黨推薦
壽豐鄉,共和村,556,28,6,68,114,10,無黨籍及未經政黨推薦,無黨籍及未經政黨推薦,無黨籍及未經政黨推薦,無黨籍及未經政黨推薦,中國國民黨,無黨籍及未經政黨推薦
壽豐鄉,壽豐村,1332,88,24,202,436,22,無黨籍及未經政黨推薦,無黨籍及未經政黨推薦,無黨籍及未經政黨推薦,無黨籍及未經政黨推薦,中國國民黨,無黨籍及未經政黨推薦
壽豐鄉,平和村,1172,70,24,208,344,18,無黨籍及未經政黨推薦,無黨籍及未經政黨推薦,無黨籍及未經政黨推薦,無黨籍及未經政黨推薦,中國國民黨,無黨籍及未經政黨推薦
壽豐鄉,志學村,1762,108,62,452,628,52,無黨籍及未經政黨推薦,無黨籍及未經政黨推薦,無黨籍及未經政黨推薦,無黨籍及未經政黨推薦,中國國民黨,無黨籍及未經政黨推薦
壽豐鄉,月眉村,730,38,6,70,262,6,無黨籍及未經政黨推薦,無黨籍及未經政黨推薦,無黨籍及未經政黨推薦,無黨籍及未經政黨推薦,中國國民黨,無黨籍及未經政黨推薦
壽豐鄉,樹湖村,334,22,8,18,52,0,無黨籍及未經政黨推薦,無黨籍及未經政黨推薦,無黨籍及未經政黨推薦,無黨籍及未經政黨推薦,中國國民黨,無黨籍及未經政黨推薦
壽豐鄉,水璉村,684,50,10,98,220,10,無黨籍及未經政黨推薦,無黨籍及未經政黨推薦,無黨籍及未經政黨推薦,無黨籍及未經政黨推薦,中國國民黨,無黨籍及未經政黨推薦
壽豐鄉,池南村,618,46,10,146,244,34,無黨籍及未經政黨推薦,無黨籍及未經政黨推薦,無黨籍及未經政黨推薦,無黨籍及未經政黨推薦,中國國民黨,無黨籍及未經政黨推薦
壽豐鄉,溪口村,916,34,8,106,250,12,無黨籍及未經政黨推薦,無黨籍及未經政黨推薦,無黨籍及未經政黨推薦,無黨籍及未經政黨推薦,中國國民黨,無黨籍及未經政黨推薦
壽豐鄉,米棧村,272,20,8,12,64,4,無黨籍及未經政黨推薦,無黨籍及未經政黨推薦,無黨籍及未經政黨推薦,無黨籍及未經政黨推薦,中國國民黨,無黨籍及未經政黨推薦
壽豐鄉,豐坪村,774,40,16,104,176,22,無黨籍及未經政黨推薦,無黨籍及未經政黨推薦,無黨籍及未經政黨推薦,無黨籍及未經政黨推薦,中國國民黨,無黨籍及未經政黨推薦
壽豐鄉,豐山村,1652,84,26,304,526,48,無黨籍及未經政黨推薦,無黨籍及未經政黨推薦,無黨籍及未經政黨推薦,無黨籍及未經政黨推薦,中國國民黨,無黨籍及未經政黨推薦
壽豐鄉,豐裡村,1314,64,14,148,292,26,無黨籍及未經政黨推薦,無黨籍及未經政黨推薦,無黨籍及未經政黨推薦,無黨籍及未經政黨推薦,中國國民黨,無黨籍及未經政黨推薦
壽豐鄉,鹽寮村,364,32,4,90,204,12,無黨籍及未經政黨推薦,無黨籍及未經政黨推薦,無黨籍及未經政黨推薦,無黨籍及未經政黨推薦,中國國民黨,無黨籍及未經政黨推薦
富里鄉,吳江村,448,22,4,26,76,14,無黨籍及未經政黨推薦,無黨籍及未經政黨推薦,無黨籍及未經政黨推薦,無黨籍及未經政黨推薦,中國國民黨,無黨籍及未經政黨推薦
富里鄉,學田村,622,20,18,82,160,12,無黨籍及未經政黨推薦,無黨籍及未經政黨推薦,無黨籍及未經政黨推薦,無黨籍及未經政黨推薦,中國國民黨,無黨籍及未經政黨推薦
富里鄉,富南村,466,12,10,26,100,2,無黨籍及未經政黨推薦,無黨籍及未經政黨推薦,無黨籍及未經政黨推薦,無黨籍及未經政黨推薦,中國國民黨,無黨籍及未經政黨推薦
富里鄉,富里村,1254,30,16,76,322,18,無黨籍及未經政黨推薦,無黨籍及未經政黨推薦,無黨籍及未經政黨推薦,無黨籍及未經政黨推薦,中國國民黨,無黨籍及未經政黨推薦
富里鄉,新興村,624,22,8,52,218,10,無黨籍及未經政黨推薦,無黨籍及未經政黨推薦,無黨籍及未經政黨推薦,無黨籍及未經政黨推薦,中國國民黨,無黨籍及未經政黨推薦
富里鄉,明里村,332,2,10,20,110,6,無黨籍及未經政黨推薦,無黨籍及未經政黨推薦,無黨籍及未經政黨推薦,無黨籍及未經政黨推薦,中國國民黨,無黨籍及未經政黨推薦
富里鄉,東里村,918,38,12,72,178,8,無黨籍及未經政黨推薦,無黨籍及未經政黨推薦,無黨籍及未經政黨推薦,無黨籍及未經政黨推薦,中國國民黨,無黨籍及未經政黨推薦
富里鄉,永豐村,432,4,0,18,106,0,無黨籍及未經政黨推薦,無黨籍及未經政黨推薦,無黨籍及未經政黨推薦,無黨籍及未經政黨推薦,中國國民黨,無黨籍及未經政黨推薦
富里鄉,石牌村,960,18,4,96,152,4,無黨籍及未經政黨推薦,無黨籍及未經政黨推薦,無黨籍及未經政黨推薦,無黨籍及未經政黨推薦,中國國民黨,無黨籍及未經政黨推薦
富里鄉,竹田村,1088,34,10,82,284,6,無黨籍及未經政黨推薦,無黨籍及未經政黨推薦,無黨籍及未經政黨推薦,無黨籍及未經政黨推薦,中國國民黨,無黨籍及未經政黨推薦
富里鄉,羅山村,414,16,2,30,80,4,無黨籍及未經政黨推薦,無黨籍及未經政黨推薦,無黨籍及未經政黨推薦,無黨籍及未經政黨推薦,中國國民黨,無黨籍及未經政黨推薦
富里鄉,萬寧村,626,12,6,50,86,0,無黨籍及未經政黨推薦,無黨籍及未經政黨推薦,無黨籍及未經政黨推薦,無黨籍及未經政黨推薦,中國國民黨,無黨籍及未經政黨推薦
富里鄉,豐南村,600,20,4,18,112,8,無黨籍及未經政黨推薦,無黨籍及未經政黨推薦,無黨籍及未經政黨推薦,無黨籍及未經政黨推薦,中國國民黨,無黨籍及未經政黨推薦
新城鄉,佳林村,520,42,12,98,290,14,無黨籍及未經政黨推薦,無黨籍及未經政黨推薦,無黨籍及未經政黨推薦,無黨籍及未經政黨推薦,中國國民黨,無黨籍及未經政黨推薦
新城鄉,北埔村,2222,132,52,426,1110,40,無黨籍及未經政黨推薦,無黨籍及未經政黨推薦,無黨籍及未經政黨推薦,無黨籍及未經政黨推薦,中國國民黨,無黨籍及未經政黨推薦
新城鄉,嘉新村,882,86,10,160,440,14,無黨籍及未經政黨推薦,無黨籍及未經政黨推薦,無黨籍及未經政黨推薦,無黨籍及未經政黨推薦,中國國民黨,無黨籍及未經政黨推薦
新城鄉,嘉里村,1846,130,42,414,1300,44,無黨籍及未經政黨推薦,無黨籍及未經政黨推薦,無黨籍及未經政黨推薦,無黨籍及未經政黨推薦,中國國民黨,無黨籍及未經政黨推薦
新城鄉,大漢村,1568,118,20,254,780,36,無黨籍及未經政黨推薦,無黨籍及未經政黨推薦,無黨籍及未經政黨推薦,無黨籍及未經政黨推薦,中國國民黨,無黨籍及未經政黨推薦
新城鄉,康樂村,1374,88,38,346,848,32,無黨籍及未經政黨推薦,無黨籍及未經政黨推薦,無黨籍及未經政黨推薦,無黨籍及未經政黨推薦,中國國民黨,無黨籍及未經政黨推薦
新城鄉,新城村,952,54,22,200,582,14,無黨籍及未經政黨推薦,無黨籍及未經政黨推薦,無黨籍及未經政黨推薦,無黨籍及未經政黨推薦,中國國民黨,無黨籍及未經政黨推薦
新城鄉,順安村,534,24,28,84,352,6,無黨籍及未經政黨推薦,無黨籍及未經政黨推薦,無黨籍及未經政黨推薦,無黨籍及未經政黨推薦,中國國民黨,無黨籍及未經政黨推薦
玉里鎮,三民里,870,36,16,64,210,4,無黨籍及未經政黨推薦,無黨籍及未經政黨推薦,無黨籍及未經政黨推薦,無黨籍及未經政黨推薦,中國國民黨,無黨籍及未經政黨推薦
玉里鎮,中城里,3610,136,86,454,1686,56,無黨籍及未經政黨推薦,無黨籍及未經政黨推薦,無黨籍及未經政黨推薦,無黨籍及未經政黨推薦,中國國民黨,無黨籍及未經政黨推薦
玉里鎮,啟模里,1318,36,22,124,430,8,無黨籍及未經政黨推薦,無黨籍及未經政黨推薦,無黨籍及未經政黨推薦,無黨籍及未經政黨推薦,中國國民黨,無黨籍及未經政黨推薦
玉里鎮,國武里,882,46,28,98,454,10,無黨籍及未經政黨推薦,無黨籍及未經政黨推薦,無黨籍及未經政黨推薦,無黨籍及未經政黨推薦,中國國民黨,無黨籍及未經政黨推薦
玉里鎮,大禹里,932,36,10,68,156,16,無黨籍及未經政黨推薦,無黨籍及未經政黨推薦,無黨籍及未經政黨推薦,無黨籍及未經政黨推薦,中國國民黨,無黨籍及未經政黨推薦
玉里鎮,德武里,860,30,14,80,168,2,無黨籍及未經政黨推薦,無黨籍及未經政黨推薦,無黨籍及未經政黨推薦,無黨籍及未經政黨推薦,中國國民黨,無黨籍及未經政黨推薦
玉里鎮,春日里,880,40,16,48,90,6,無黨籍及未經政黨推薦,無黨籍及未經政黨推薦,無黨籍及未經政黨推薦,無黨籍及未經政黨推薦,中國國民黨,無黨籍及未經政黨推薦
玉里鎮,東豐里,542,12,8,52,92,4,無黨籍及未經政黨推薦,無黨籍及未經政黨推薦,無黨籍及未經政黨推薦,無黨籍及未經政黨推薦,中國國民黨,無黨籍及未經政黨推薦
玉里鎮,松浦里,1186,54,12,64,198,8,無黨籍及未經政黨推薦,無黨籍及未經政黨推薦,無黨籍及未經政黨推薦,無黨籍及未經政黨推薦,中國國民黨,無黨籍及未經政黨推薦
玉里鎮,樂合里,914,20,12,34,206,16,無黨籍及未經政黨推薦,無黨籍及未經政黨推薦,無黨籍及未經政黨推薦,無黨籍及未經政黨推薦,中國國民黨,無黨籍及未經政黨推薦
玉里鎮,永昌里,890,38,22,80,284,8,無黨籍及未經政黨推薦,無黨籍及未經政黨推薦,無黨籍及未經政黨推薦,無黨籍及未經政黨推薦,中國國民黨,無黨籍及未經政黨推薦
玉里鎮,泰昌里,702,26,6,70,332,4,無黨籍及未經政黨推薦,無黨籍及未經政黨推薦,無黨籍及未經政黨推薦,無黨籍及未經政黨推薦,中國國民黨,無黨籍及未經政黨推薦
玉里鎮,源城里,1230,40,4,66,154,0,無黨籍及未經政黨推薦,無黨籍及未經政黨推薦,無黨籍及未經政黨推薦,無黨籍及未經政黨推薦,中國國民黨,無黨籍及未經政黨推薦
玉里鎮,觀音里,1352,46,6,84,204,14,無黨籍及未經政黨推薦,無黨籍及未經政黨推薦,無黨籍及未經政黨推薦,無黨籍及未經政黨推薦,中國國民黨,無黨籍及未經政黨推薦
玉里鎮,長良里,542,12,12,52,104,4,無黨籍及未經政黨推薦,無黨籍及未經政黨推薦,無黨籍及未經政黨推薦,無黨籍及未經政黨推薦,中國國民黨,無黨籍及未經政黨推薦
瑞穗鄉,奇美村,278,20,6,24,92,2,無黨籍及未經政黨推薦,無黨籍及未經政黨推薦,無黨籍及未經政黨推薦,無黨籍及未經政黨推薦,中國國民黨,無黨籍及未經政黨推薦
瑞穗鄉,富民村,726,50,6,52,160,8,無黨籍及未經政黨推薦,無黨籍及未經政黨推薦,無黨籍及未經政黨推薦,無黨籍及未經政黨推薦,中國國民黨,無黨籍及未經政黨推薦
瑞穗鄉,富源村,650,24,16,42,170,6,無黨籍及未經政黨推薦,無黨籍及未經政黨推薦,無黨籍及未經政黨推薦,無黨籍及未經政黨推薦,中國國民黨,無黨籍及未經政黨推薦
瑞穗鄉,富興村,538,40,18,88,104,10,無黨籍及未經政黨推薦,無黨籍及未經政黨推薦,無黨籍及未經政黨推薦,無黨籍及未經政黨推薦,中國國民黨,無黨籍及未經政黨推薦
瑞穗鄉,瑞北村,590,30,4,64,100,4,無黨籍及未經政黨推薦,無黨籍及未經政黨推薦,無黨籍及未經政黨推薦,無黨籍及未經政黨推薦,中國國民黨,無黨籍及未經政黨推薦
瑞穗鄉,瑞祥村,766,52,6,138,284,8,無黨籍及未經政黨推薦,無黨籍及未經政黨推薦,無黨籍及未經政黨推薦,無黨籍及未經政黨推薦,中國國民黨,無黨籍及未經政黨推薦
瑞穗鄉,瑞穗村,1564,106,30,178,688,40,無黨籍及未經政黨推薦,無黨籍及未經政黨推薦,無黨籍及未經政黨推薦,無黨籍及未經政黨推薦,中國國民黨,無黨籍及未經政黨推薦
瑞穗鄉,瑞美村,1398,98,24,228,644,30,無黨籍及未經政黨推薦,無黨籍及未經政黨推薦,無黨籍及未經政黨推薦,無黨籍及未經政黨推薦,中國國民黨,無黨籍及未經政黨推薦
瑞穗鄉,瑞良村,516,28,18,66,172,6,無黨籍及未經政黨推薦,無黨籍及未經政黨推薦,無黨籍及未經政黨推薦,無黨籍及未經政黨推薦,中國國民黨,無黨籍及未經政黨推薦
瑞穗鄉,舞鶴村,684,74,10,134,336,14,無黨籍及未經政黨推薦,無黨籍及未經政黨推薦,無黨籍及未經政黨推薦,無黨籍及未經政黨推薦,中國國民黨,無黨籍及未經政黨推薦
瑞穗鄉,鶴岡村,742,48,10,62,304,8,無黨籍及未經政黨推薦,無黨籍及未經政黨推薦,無黨籍及未經政黨推薦,無黨籍及未經政黨推薦,中國國民黨,無黨籍及未經政黨推薦
秀林鄉,佳民村,764,58,4,136,316,4,無黨籍及未經政黨推薦,無黨籍及未經政黨推薦,無黨籍及未經政黨推薦,無黨籍及未經政黨推薦,中國國民黨,無黨籍及未經政黨推薦
秀林鄉,和平村,852,56,12,222,682,10,無黨籍及未經政黨推薦,無黨籍及未經政黨推薦,無黨籍及未經政黨推薦,無黨籍及未經政黨推薦,中國國民黨,無黨籍及未經政黨推薦
秀林鄉,富世村,1214,54,30,268,700,20,無黨籍及未經政黨推薦,無黨籍及未經政黨推薦,無黨籍及未經政黨推薦,無黨籍及未經政黨推薦,中國國民黨,無黨籍及未經政黨推薦
秀林鄉,崇德村,1094,42,12,124,506,4,無黨籍及未經政黨推薦,無黨籍及未經政黨推薦,無黨籍及未經政黨推薦,無黨籍及未經政黨推薦,中國國民黨,無黨籍及未經政黨推薦
秀林鄉,文蘭村,892,64,12,158,348,8,無黨籍及未經政黨推薦,無黨籍及未經政黨推薦,無黨籍及未經政黨推薦,無黨籍及未經政黨推薦,中國國民黨,無黨籍及未經政黨推薦
秀林鄉,景美村,1406,92,16,328,572,4,無黨籍及未經政黨推薦,無黨籍及未經政黨推薦,無黨籍及未經政黨推薦,無黨籍及未經政黨推薦,中國國民黨,無黨籍及未經政黨推薦
秀林鄉,水源村,1002,30,18,178,358,4,無黨籍及未經政黨推薦,無黨籍及未經政黨推薦,無黨籍及未經政黨推薦,無黨籍及未經政黨推薦,中國國民黨,無黨籍及未經政黨推薦
秀林鄉,秀林村,1214,78,16,242,654,18,無黨籍及未經政黨推薦,無黨籍及未經政黨推薦,無黨籍及未經政黨推薦,無黨籍及未經政黨推薦,中國國民黨,無黨籍及未經政黨推薦
秀林鄉,銅門村,926,42,14,210,494,20,無黨籍及未經政黨推薦,無黨籍及未經政黨推薦,無黨籍及未經政黨推薦,無黨籍及未經政黨推薦,中國國民黨,無黨籍及未經政黨推薦
花蓮市,主信里,336,14,16,80,240,10,無黨籍及未經政黨推薦,無黨籍及未經政黨推薦,無黨籍及未經政黨推薦,無黨籍及未經政黨推薦,中國國民黨,無黨籍及未經政黨推薦
花蓮市,主力里,1296,128,46,336,930,54,無黨籍及未經政黨推薦,無黨籍及未經政黨推薦,無黨籍及未經政黨推薦,無黨籍及未經政黨推薦,中國國民黨,無黨籍及未經政黨推薦
花蓮市,主勤里,314,16,12,98,490,24,無黨籍及未經政黨推薦,無黨籍及未經政黨推薦,無黨籍及未經政黨推薦,無黨籍及未經政黨推薦,中國國民黨,無黨籍及未經政黨推薦
花蓮市,主和里,1804,88,36,412,1174,48,無黨籍及未經政黨推薦,無黨籍及未經政黨推薦,無黨籍及未經政黨推薦,無黨籍及未經政黨推薦,中國國民黨,無黨籍及未經政黨推薦
花蓮市,主商里,272,26,10,92,294,20,無黨籍及未經政黨推薦,無黨籍及未經政黨推薦,無黨籍及未經政黨推薦,無黨籍及未經政黨推薦,中國國民黨,無黨籍及未經政黨推薦
花蓮市,主學里,928,98,32,262,786,50,無黨籍及未經政黨推薦,無黨籍及未經政黨推薦,無黨籍及未經政黨推薦,無黨籍及未經政黨推薦,中國國民黨,無黨籍及未經政黨推薦
花蓮市,主安里,1402,94,44,276,940,56,無黨籍及未經政黨推薦,無黨籍及未經政黨推薦,無黨籍及未經政黨推薦,無黨籍及未經政黨推薦,中國國民黨,無黨籍及未經政黨推薦
花蓮市,主工里,310,18,16,88,250,16,無黨籍及未經政黨推薦,無黨籍及未經政黨推薦,無黨籍及未經政黨推薦,無黨籍及未經政黨推薦,中國國民黨,無黨籍及未經政黨推薦
花蓮市,主權里,2702,194,80,686,1946,72,無黨籍及未經政黨推薦,無黨籍及未經政黨推薦,無黨籍及未經政黨推薦,無黨籍及未經政黨推薦,中國國民黨,無黨籍及未經政黨推薦
花蓮市,主睦里,302,18,8,66,234,8,無黨籍及未經政黨推薦,無黨籍及未經政黨推薦,無黨籍及未經政黨推薦,無黨籍及未經政黨推薦,中國國民黨,無黨籍及未經政黨推薦
花蓮市,主義里,210,18,14,76,226,6,無黨籍及未經政黨推薦,無黨籍及未經政黨推薦,無黨籍及未經政黨推薦,無黨籍及未經政黨推薦,中國國民黨,無黨籍及未經政黨推薦
花蓮市,主計里,374,12,14,82,342,10,無黨籍及未經政黨推薦,無黨籍及未經政黨推薦,無黨籍及未經政黨推薦,無黨籍及未經政黨推薦,中國國民黨,無黨籍及未經政黨推薦
花蓮市,主農里,1860,144,52,380,1214,70,無黨籍及未經政黨推薦,無黨籍及未經政黨推薦,無黨籍及未經政黨推薦,無黨籍及未經政黨推薦,中國國民黨,無黨籍及未經政黨推薦
花蓮市,國光里,620,54,26,98,430,18,無黨籍及未經政黨推薦,無黨籍及未經政黨推薦,無黨籍及未經政黨推薦,無黨籍及未經政黨推薦,中國國民黨,無黨籍及未經政黨推薦
花蓮市,國威里,652,60,22,148,618,34,無黨籍及未經政黨推薦,無黨籍及未經政黨推薦,無黨籍及未經政黨推薦,無黨籍及未經政黨推薦,中國國民黨,無黨籍及未經政黨推薦
花蓮市,國安里,290,16,12,62,194,30,無黨籍及未經政黨推薦,無黨籍及未經政黨推薦,無黨籍及未經政黨推薦,無黨籍及未經政黨推薦,中國國民黨,無黨籍及未經政黨推薦
花蓮市,國富里,2382,170,110,554,1942,142,無黨籍及未經政黨推薦,無黨籍及未經政黨推薦,無黨籍及未經政黨推薦,無黨籍及未經政黨推薦,中國國民黨,無黨籍及未經政黨推薦
花蓮市,國強里,906,56,22,200,666,12,無黨籍及未經政黨推薦,無黨籍及未經政黨推薦,無黨籍及未經政黨推薦,無黨籍及未經政黨推薦,中國國民黨,無黨籍及未經政黨推薦
花蓮市,國慶里,538,28,18,140,340,14,無黨籍及未經政黨推薦,無黨籍及未經政黨推薦,無黨籍及未經政黨推薦,無黨籍及未經政黨推薦,中國國民黨,無黨籍及未經政黨推薦
花蓮市,國治里,456,24,30,90,378,20,無黨籍及未經政黨推薦,無黨籍及未經政黨推薦,無黨籍及未經政黨推薦,無黨籍及未經政黨推薦,中國國民黨,無黨籍及未經政黨推薦
花蓮市,國盛里,1474,124,76,324,1168,70,無黨籍及未經政黨推薦,無黨籍及未經政黨推薦,無黨籍及未經政黨推薦,無黨籍及未經政黨推薦,中國國民黨,無黨籍及未經政黨推薦
花蓮市,國福里,990,44,32,176,478,16,無黨籍及未經政黨推薦,無黨籍及未經政黨推薦,無黨籍及未經政黨推薦,無黨籍及未經政黨推薦,中國國民黨,無黨籍及未經政黨推薦
花蓮市,國聯里,1310,80,66,330,976,32,無黨籍及未經政黨推薦,無黨籍及未經政黨推薦,無黨籍及未經政黨推薦,無黨籍及未經政黨推薦,中國國民黨,無黨籍及未經政黨推薦
花蓮市,國興里,1578,158,94,416,1448,104,無黨籍及未經政黨推薦,無黨籍及未經政黨推薦,無黨籍及未經政黨推薦,無黨籍及未經政黨推薦,中國國民黨,無黨籍及未經政黨推薦
花蓮市,國華里,1256,84,36,312,880,44,無黨籍及未經政黨推薦,無黨籍及未經政黨推薦,無黨籍及未經政黨推薦,無黨籍及未經政黨推薦,中國國民黨,無黨籍及未經政黨推薦
花蓮市,國裕里,1986,182,78,536,1518,84,無黨籍及未經政黨推薦,無黨籍及未經政黨推薦,無黨籍及未經政黨推薦,無黨籍及未經政黨推薦,中國國民黨,無黨籍及未經政黨推薦
花蓮市,國防里,338,42,26,132,354,18,無黨籍及未經政黨推薦,無黨籍及未經政黨推薦,無黨籍及未經政黨推薦,無黨籍及未經政黨推薦,中國國民黨,無黨籍及未經政黨推薦
花蓮市,國風里,1622,108,62,452,1254,86,無黨籍及未經政黨推薦,無黨籍及未經政黨推薦,無黨籍及未經政黨推薦,無黨籍及未經政黨推薦,中國國民黨,無黨籍及未經政黨推薦
花蓮市,國魂里,986,84,36,228,694,68,無黨籍及未經政黨推薦,無黨籍及未經政黨推薦,無黨籍及未經政黨推薦,無黨籍及未經政黨推薦,中國國民黨,無黨籍及未經政黨推薦
花蓮市,民主里,280,22,4,38,202,6,無黨籍及未經政黨推薦,無黨籍及未經政黨推薦,無黨籍及未經政黨推薦,無黨籍及未經政黨推薦,中國國民黨,無黨籍及未經政黨推薦
花蓮市,民享里,1126,94,72,290,1078,52,無黨籍及未經政黨推薦,無黨籍及未經政黨推薦,無黨籍及未經政黨推薦,無黨籍及未經政黨推薦,中國國民黨,無黨籍及未經政黨推薦
花蓮市,民勤里,1232,144,64,272,1286,70,無黨籍及未經政黨推薦,無黨籍及未經政黨推薦,無黨籍及未經政黨推薦,無黨籍及未經政黨推薦,中國國民黨,無黨籍及未經政黨推薦
花蓮市,民孝里,1602,100,44,356,1592,74,無黨籍及未經政黨推薦,無黨籍及未經政黨推薦,無黨籍及未經政黨推薦,無黨籍及未經政黨推薦,中國國民黨,無黨籍及未經政黨推薦
花蓮市,民德里,504,60,38,222,598,58,無黨籍及未經政黨推薦,無黨籍及未經政黨推薦,無黨籍及未經政黨推薦,無黨籍及未經政黨推薦,中國國民黨,無黨籍及未經政黨推薦
花蓮市,民心里,468,32,36,140,458,16,無黨籍及未經政黨推薦,無黨籍及未經政黨推薦,無黨籍及未經政黨推薦,無黨籍及未經政黨推薦,中國國民黨,無黨籍及未經政黨推薦
花蓮市,民意里,1054,66,32,186,934,54,無黨籍及未經政黨推薦,無黨籍及未經政黨推薦,無黨籍及未經政黨推薦,無黨籍及未經政黨推薦,中國國民黨,無黨籍及未經政黨推薦
花蓮市,民政里,1422,124,108,376,1536,96,無黨籍及未經政黨推薦,無黨籍及未經政黨推薦,無黨籍及未經政黨推薦,無黨籍及未經政黨推薦,中國國民黨,無黨籍及未經政黨推薦
花蓮市,民族里,186,20,8,46,172,16,無黨籍及未經政黨推薦,無黨籍及未經政黨推薦,無黨籍及未經政黨推薦,無黨籍及未經政黨推薦,中國國民黨,無黨籍及未經政黨推薦
花蓮市,民有里,420,18,12,102,240,16,無黨籍及未經政黨推薦,無黨籍及未經政黨推薦,無黨籍及未經政黨推薦,無黨籍及未經政黨推薦,中國國民黨,無黨籍及未經政黨推薦
花蓮市,民樂里,254,14,16,72,300,20,無黨籍及未經政黨推薦,無黨籍及未經政黨推薦,無黨籍及未經政黨推薦,無黨籍及未經政黨推薦,中國國民黨,無黨籍及未經政黨推薦
花蓮市,民權里,154,8,18,66,168,14,無黨籍及未經政黨推薦,無黨籍及未經政黨推薦,無黨籍及未經政黨推薦,無黨籍及未經政黨推薦,中國國民黨,無黨籍及未經政黨推薦
花蓮市,民治里,30,2,0,8,24,2,無黨籍及未經政黨推薦,無黨籍及未經政黨推薦,無黨籍及未經政黨推薦,無黨籍及未經政黨推薦,中國國民黨,無黨籍及未經政黨推薦
花蓮市,民生里,580,54,32,130,388,20,無黨籍及未經政黨推薦,無黨籍及未經政黨推薦,無黨籍及未經政黨推薦,無黨籍及未經政黨推薦,中國國民黨,無黨籍及未經政黨推薦
花蓮市,民立里,558,62,34,136,562,60,無黨籍及未經政黨推薦,無黨籍及未經政黨推薦,無黨籍及未經政黨推薦,無黨籍及未經政黨推薦,中國國民黨,無黨籍及未經政黨推薦
花蓮市,民運里,1038,76,42,300,840,48,無黨籍及未經政黨推薦,無黨籍及未經政黨推薦,無黨籍及未經政黨推薦,無黨籍及未經政黨推薦,中國國民黨,無黨籍及未經政黨推薦
萬榮鄉,明利村,736,20,6,52,170,4,無黨籍及未經政黨推薦,無黨籍及未經政黨推薦,無黨籍及未經政黨推薦,無黨籍及未經政黨推薦,中國國民黨,無黨籍及未經政黨推薦
萬榮鄉,紅葉村,912,34,8,72,394,10,無黨籍及未經政黨推薦,無黨籍及未經政黨推薦,無黨籍及未經政黨推薦,無黨籍及未經政黨推薦,中國國民黨,無黨籍及未經政黨推薦
萬榮鄉,萬榮村,748,30,2,80,200,0,無黨籍及未經政黨推薦,無黨籍及未經政黨推薦,無黨籍及未經政黨推薦,無黨籍及未經政黨推薦,中國國民黨,無黨籍及未經政黨推薦
萬榮鄉,西林村,1074,24,4,108,316,6,無黨籍及未經政黨推薦,無黨籍及未經政黨推薦,無黨籍及未經政黨推薦,無黨籍及未經政黨推薦,中國國民黨,無黨籍及未經政黨推薦
萬榮鄉,見晴村,538,6,2,56,152,0,無黨籍及未經政黨推薦,無黨籍及未經政黨推薦,無黨籍及未經政黨推薦,無黨籍及未經政黨推薦,中國國民黨,無黨籍及未經政黨推薦
萬榮鄉,馬遠村,790,46,10,114,436,10,無黨籍及未經政黨推薦,無黨籍及未經政黨推薦,無黨籍及未經政黨推薦,無黨籍及未經政黨推薦,中國國民黨,無黨籍及未經政黨推薦
豐濱鄉,新社村,530,16,6,32,120,6,無黨籍及未經政黨推薦,無黨籍及未經政黨推薦,無黨籍及未經政黨推薦,無黨籍及未經政黨推薦,中國國民黨,無黨籍及未經政黨推薦
豐濱鄉,港口村,660,30,10,84,200,22,無黨籍及未經政黨推薦,無黨籍及未經政黨推薦,無黨籍及未經政黨推薦,無黨籍及未經政黨推薦,中國國民黨,無黨籍及未經政黨推薦
豐濱鄉,磯崎村,358,26,4,60,136,8,無黨籍及未經政黨推薦,無黨籍及未經政黨推薦,無黨籍及未經政黨推薦,無黨籍及未經政黨推薦,中國國民黨,無黨籍及未經政黨推薦
豐濱鄉,豐濱村,1532,108,10,134,430,8,無黨籍及未經政黨推薦,無黨籍及未經政黨推薦,無黨籍及未經政黨推薦,無黨籍及未經政黨推薦,中國國民黨,無黨籍及未經政黨推薦
豐濱鄉,靜浦村,592,30,4,50,152,18,無黨籍及未經政黨推薦,無黨籍及未經政黨推薦,無黨籍及未經政黨推薦,無黨籍及未經政黨推薦,中國國民黨,無黨籍及未經政黨推薦
鳳林鎮,北林里,662,14,6,42,82,10,無黨籍及未經政黨推薦,無黨籍及未經政黨推薦,無黨籍及未經政黨推薦,無黨籍及未經政黨推薦,中國國民黨,無黨籍及未經政黨推薦
鳳林鎮,南平里,532,16,6,38,100,10,無黨籍及未經政黨推薦,無黨籍及未經政黨推薦,無黨籍及未經政黨推薦,無黨籍及未經政黨推薦,中國國民黨,無黨籍及未經政黨推薦
鳳林鎮,大榮里,1358,42,24,94,224,18,無黨籍及未經政黨推薦,無黨籍及未經政黨推薦,無黨籍及未經政黨推薦,無黨籍及未經政黨推薦,中國國民黨,無黨籍及未經政黨推薦
鳳林鎮,山興里,494,32,4,50,110,4,無黨籍及未經政黨推薦,無黨籍及未經政黨推薦,無黨籍及未經政黨推薦,無黨籍及未經政黨推薦,中國國民黨,無黨籍及未經政黨推薦
鳳林鎮,林榮里,744,26,26,76,214,18,無黨籍及未經政黨推薦,無黨籍及未經政黨推薦,無黨籍及未經政黨推薦,無黨籍及未經政黨推薦,中國國民黨,無黨籍及未經政黨推薦
鳳林鎮,森榮里,88,0,0,10,48,2,無黨籍及未經政黨推薦,無黨籍及未經政黨推薦,無黨籍及未經政黨推薦,無黨籍及未經政黨推薦,中國國民黨,無黨籍及未經政黨推薦
鳳林鎮,長橋里,906,60,4,74,234,16,無黨籍及未經政黨推薦,無黨籍及未經政黨推薦,無黨籍及未經政黨推薦,無黨籍及未經政黨推薦,中國國民黨,無黨籍及未經政黨推薦
鳳林鎮,鳳仁里,1194,48,26,118,338,14,無黨籍及未經政黨推薦,無黨籍及未經政黨推薦,無黨籍及未經政黨推薦,無黨籍及未經政黨推薦,中國國民黨,無黨籍及未經政黨推薦
鳳林鎮,鳳信里,1320,74,28,136,284,18,無黨籍及未經政黨推薦,無黨籍及未經政黨推薦,無黨籍及未經政黨推薦,無黨籍及未經政黨推薦,中國國民黨,無黨籍及未經政黨推薦
鳳林鎮,鳳智里,1158,62,18,102,374,22,無黨籍及未經政黨推薦,無黨籍及未經政黨推薦,無黨籍及未經政黨推薦,無黨籍及未經政黨推薦,中國國民黨,無黨籍及未經政黨推薦
鳳林鎮,鳳禮里,610,32,8,96,204,14,無黨籍及未經政黨推薦,無黨籍及未經政黨推薦,無黨籍及未經政黨推薦,無黨籍及未經政黨推薦,中國國民黨,無黨籍及未經政黨推薦
鳳林鎮,鳳義里,716,22,2,48,114,2,無黨籍及未經政黨推薦,無黨籍及未經政黨推薦,無黨籍及未經政黨推薦,無黨籍及未經政黨推薦,中國國民黨,無黨籍及未經政黨推薦
