行政區別,村里別,候選人1＿候選人名稱,候選人1＿黨籍,候選人1_得票數,候選人2＿候選人名稱,候選人2＿黨籍,候選人2_得票數,候選人3＿候選人名稱,候選人3＿黨籍,候選人3_得票數,候選人4＿候選人名稱,候選人4＿黨籍,候選人4_得票數
光復鄉,北富村,楊悟空,無黨籍及未經政黨推薦,2,王廷升,中國國民黨,94,蕭美琴,民主進步黨,64,黄師鵬,無黨籍及未經政黨推薦,2
光復鄉,南富村,楊悟空,無黨籍及未經政黨推薦,2,王廷升,中國國民黨,38,蕭美琴,民主進步黨,74,黄師鵬,無黨籍及未經政黨推薦,2
光復鄉,大全村,楊悟空,無黨籍及未經政黨推薦,6,王廷升,中國國民黨,280,蕭美琴,民主進步黨,282,黄師鵬,無黨籍及未經政黨推薦,12
光復鄉,大同村,楊悟空,無黨籍及未經政黨推薦,4,王廷升,中國國民黨,364,蕭美琴,民主進步黨,380,黄師鵬,無黨籍及未經政黨推薦,8
光復鄉,大安村,楊悟空,無黨籍及未經政黨推薦,4,王廷升,中國國民黨,458,蕭美琴,民主進步黨,496,黄師鵬,無黨籍及未經政黨推薦,12
光復鄉,大富村,楊悟空,無黨籍及未經政黨推薦,0,王廷升,中國國民黨,144,蕭美琴,民主進步黨,160,黄師鵬,無黨籍及未經政黨推薦,10
光復鄉,大平村,楊悟空,無黨籍及未經政黨推薦,2,王廷升,中國國民黨,130,蕭美琴,民主進步黨,148,黄師鵬,無黨籍及未經政黨推薦,12
光復鄉,大興村,楊悟空,無黨籍及未經政黨推薦,8,王廷升,中國國民黨,124,蕭美琴,民主進步黨,130,黄師鵬,無黨籍及未經政黨推薦,2
光復鄉,大華村,楊悟空,無黨籍及未經政黨推薦,6,王廷升,中國國民黨,456,蕭美琴,民主進步黨,608,黄師鵬,無黨籍及未經政黨推薦,14
光復鄉,大豐村,楊悟空,無黨籍及未經政黨推薦,2,王廷升,中國國民黨,226,蕭美琴,民主進步黨,228,黄師鵬,無黨籍及未經政黨推薦,8
光復鄉,大進村,楊悟空,無黨籍及未經政黨推薦,6,王廷升,中國國民黨,232,蕭美琴,民主進步黨,180,黄師鵬,無黨籍及未經政黨推薦,6
光復鄉,大馬村,楊悟空,無黨籍及未經政黨推薦,2,王廷升,中國國民黨,170,蕭美琴,民主進步黨,170,黄師鵬,無黨籍及未經政黨推薦,16
光復鄉,東富村,楊悟空,無黨籍及未經政黨推薦,4,王廷升,中國國民黨,72,蕭美琴,民主進步黨,68,黄師鵬,無黨籍及未經政黨推薦,2
光復鄉,西富村,楊悟空,無黨籍及未經政黨推薦,2,王廷升,中國國民黨,116,蕭美琴,民主進步黨,156,黄師鵬,無黨籍及未經政黨推薦,8
卓溪鄉,卓清村,楊悟空,無黨籍及未經政黨推薦,0,王廷升,中國國民黨,44,蕭美琴,民主進步黨,20,黄師鵬,無黨籍及未經政黨推薦,2
卓溪鄉,卓溪村,楊悟空,無黨籍及未經政黨推薦,0,王廷升,中國國民黨,42,蕭美琴,民主進步黨,26,黄師鵬,無黨籍及未經政黨推薦,0
卓溪鄉,古風村,楊悟空,無黨籍及未經政黨推薦,0,王廷升,中國國民黨,36,蕭美琴,民主進步黨,24,黄師鵬,無黨籍及未經政黨推薦,2
卓溪鄉,太平村,楊悟空,無黨籍及未經政黨推薦,0,王廷升,中國國民黨,12,蕭美琴,民主進步黨,8,黄師鵬,無黨籍及未經政黨推薦,2
卓溪鄉,崙山村,楊悟空,無黨籍及未經政黨推薦,0,王廷升,中國國民黨,14,蕭美琴,民主進步黨,2,黄師鵬,無黨籍及未經政黨推薦,0
卓溪鄉,立山村,楊悟空,無黨籍及未經政黨推薦,0,王廷升,中國國民黨,16,蕭美琴,民主進步黨,4,黄師鵬,無黨籍及未經政黨推薦,2
吉安鄉,仁和村,楊悟空,無黨籍及未經政黨推薦,34,王廷升,中國國民黨,1592,蕭美琴,民主進步黨,2148,黄師鵬,無黨籍及未經政黨推薦,72
吉安鄉,仁安村,楊悟空,無黨籍及未經政黨推薦,16,王廷升,中國國民黨,664,蕭美琴,民主進步黨,1048,黄師鵬,無黨籍及未經政黨推薦,34
吉安鄉,仁里村,楊悟空,無黨籍及未經政黨推薦,60,王廷升,中國國民黨,2668,蕭美琴,民主進步黨,3256,黄師鵬,無黨籍及未經政黨推薦,102
吉安鄉,光華村,楊悟空,無黨籍及未經政黨推薦,56,王廷升,中國國民黨,782,蕭美琴,民主進步黨,696,黄師鵬,無黨籍及未經政黨推薦,34
吉安鄉,勝安村,楊悟空,無黨籍及未經政黨推薦,68,王廷升,中國國民黨,2114,蕭美琴,民主進步黨,3212,黄師鵬,無黨籍及未經政黨推薦,72
吉安鄉,北昌村,楊悟空,無黨籍及未經政黨推薦,66,王廷升,中國國民黨,3202,蕭美琴,民主進步黨,4636,黄師鵬,無黨籍及未經政黨推薦,100
吉安鄉,南昌村,楊悟空,無黨籍及未經政黨推薦,36,王廷升,中國國民黨,1266,蕭美琴,民主進步黨,1866,黄師鵬,無黨籍及未經政黨推薦,56
吉安鄉,南華村,楊悟空,無黨籍及未經政黨推薦,8,王廷升,中國國民黨,484,蕭美琴,民主進步黨,916,黄師鵬,無黨籍及未經政黨推薦,20
吉安鄉,吉安村,楊悟空,無黨籍及未經政黨推薦,44,王廷升,中國國民黨,2148,蕭美琴,民主進步黨,2978,黄師鵬,無黨籍及未經政黨推薦,86
吉安鄉,太昌村,楊悟空,無黨籍及未經政黨推薦,28,王廷升,中國國民黨,1214,蕭美琴,民主進步黨,1900,黄師鵬,無黨籍及未經政黨推薦,40
吉安鄉,宜昌村,楊悟空,無黨籍及未經政黨推薦,40,王廷升,中國國民黨,1476,蕭美琴,民主進步黨,2018,黄師鵬,無黨籍及未經政黨推薦,54
吉安鄉,干城村,楊悟空,無黨籍及未經政黨推薦,8,王廷升,中國國民黨,502,蕭美琴,民主進步黨,358,黄師鵬,無黨籍及未經政黨推薦,14
吉安鄉,慶豐村,楊悟空,無黨籍及未經政黨推薦,92,王廷升,中國國民黨,2812,蕭美琴,民主進步黨,4022,黄師鵬,無黨籍及未經政黨推薦,94
吉安鄉,東昌村,楊悟空,無黨籍及未經政黨推薦,48,王廷升,中國國民黨,2016,蕭美琴,民主進步黨,2366,黄師鵬,無黨籍及未經政黨推薦,74
吉安鄉,永安村,楊悟空,無黨籍及未經政黨推薦,40,王廷升,中國國民黨,1894,蕭美琴,民主進步黨,2290,黄師鵬,無黨籍及未經政黨推薦,58
吉安鄉,永興村,楊悟空,無黨籍及未經政黨推薦,34,王廷升,中國國民黨,1044,蕭美琴,民主進步黨,1320,黄師鵬,無黨籍及未經政黨推薦,52
吉安鄉,福興村,楊悟空,無黨籍及未經政黨推薦,16,王廷升,中國國民黨,1076,蕭美琴,民主進步黨,1712,黄師鵬,無黨籍及未經政黨推薦,30
吉安鄉,稻香村,楊悟空,無黨籍及未經政黨推薦,40,王廷升,中國國民黨,1482,蕭美琴,民主進步黨,1790,黄師鵬,無黨籍及未經政黨推薦,58
壽豐鄉,光榮村,楊悟空,無黨籍及未經政黨推薦,2,王廷升,中國國民黨,52,蕭美琴,民主進步黨,74,黄師鵬,無黨籍及未經政黨推薦,0
壽豐鄉,共和村,楊悟空,無黨籍及未經政黨推薦,2,王廷升,中國國民黨,222,蕭美琴,民主進步黨,300,黄師鵬,無黨籍及未經政黨推薦,8
壽豐鄉,壽豐村,楊悟空,無黨籍及未經政黨推薦,10,王廷升,中國國民黨,490,蕭美琴,民主進步黨,720,黄師鵬,無黨籍及未經政黨推薦,18
壽豐鄉,平和村,楊悟空,無黨籍及未經政黨推薦,12,王廷升,中國國民黨,474,蕭美琴,民主進步黨,798,黄師鵬,無黨籍及未經政黨推薦,16
壽豐鄉,志學村,楊悟空,無黨籍及未經政黨推薦,40,王廷升,中國國民黨,876,蕭美琴,民主進步黨,1552,黄師鵬,無黨籍及未經政黨推薦,34
壽豐鄉,月眉村,楊悟空,無黨籍及未經政黨推薦,0,王廷升,中國國民黨,100,蕭美琴,民主進步黨,134,黄師鵬,無黨籍及未經政黨推薦,10
壽豐鄉,樹湖村,楊悟空,無黨籍及未經政黨推薦,0,王廷升,中國國民黨,160,蕭美琴,民主進步黨,180,黄師鵬,無黨籍及未經政黨推薦,16
壽豐鄉,水璉村,楊悟空,無黨籍及未經政黨推薦,4,王廷升,中國國民黨,130,蕭美琴,民主進步黨,214,黄師鵬,無黨籍及未經政黨推薦,4
壽豐鄉,池南村,楊悟空,無黨籍及未經政黨推薦,6,王廷升,中國國民黨,178,蕭美琴,民主進步黨,334,黄師鵬,無黨籍及未經政黨推薦,12
壽豐鄉,溪口村,楊悟空,無黨籍及未經政黨推薦,8,王廷升,中國國民黨,284,蕭美琴,民主進步黨,388,黄師鵬,無黨籍及未經政黨推薦,16
壽豐鄉,米棧村,楊悟空,無黨籍及未經政黨推薦,2,王廷升,中國國民黨,88,蕭美琴,民主進步黨,76,黄師鵬,無黨籍及未經政黨推薦,4
壽豐鄉,豐坪村,楊悟空,無黨籍及未經政黨推薦,8,王廷升,中國國民黨,326,蕭美琴,民主進步黨,442,黄師鵬,無黨籍及未經政黨推薦,12
壽豐鄉,豐山村,楊悟空,無黨籍及未經政黨推薦,4,王廷升,中國國民黨,808,蕭美琴,民主進步黨,1118,黄師鵬,無黨籍及未經政黨推薦,28
壽豐鄉,豐裡村,楊悟空,無黨籍及未經政黨推薦,14,王廷升,中國國民黨,576,蕭美琴,民主進步黨,692,黄師鵬,無黨籍及未經政黨推薦,16
壽豐鄉,鹽寮村,楊悟空,無黨籍及未經政黨推薦,6,王廷升,中國國民黨,170,蕭美琴,民主進步黨,198,黄師鵬,無黨籍及未經政黨推薦,4
富里鄉,吳江村,楊悟空,無黨籍及未經政黨推薦,0,王廷升,中國國民黨,208,蕭美琴,民主進步黨,150,黄師鵬,無黨籍及未經政黨推薦,12
富里鄉,學田村,楊悟空,無黨籍及未經政黨推薦,6,王廷升,中國國民黨,228,蕭美琴,民主進步黨,374,黄師鵬,無黨籍及未經政黨推薦,4
富里鄉,富南村,楊悟空,無黨籍及未經政黨推薦,6,王廷升,中國國民黨,192,蕭美琴,民主進步黨,204,黄師鵬,無黨籍及未經政黨推薦,8
富里鄉,富里村,楊悟空,無黨籍及未經政黨推薦,8,王廷升,中國國民黨,670,蕭美琴,民主進步黨,676,黄師鵬,無黨籍及未經政黨推薦,18
富里鄉,新興村,楊悟空,無黨籍及未經政黨推薦,2,王廷升,中國國民黨,256,蕭美琴,民主進步黨,164,黄師鵬,無黨籍及未經政黨推薦,8
富里鄉,明里村,楊悟空,無黨籍及未經政黨推薦,2,王廷升,中國國民黨,194,蕭美琴,民主進步黨,172,黄師鵬,無黨籍及未經政黨推薦,4
富里鄉,東里村,楊悟空,無黨籍及未經政黨推薦,6,王廷升,中國國民黨,380,蕭美琴,民主進步黨,372,黄師鵬,無黨籍及未經政黨推薦,20
富里鄉,永豐村,楊悟空,無黨籍及未經政黨推薦,0,王廷升,中國國民黨,256,蕭美琴,民主進步黨,184,黄師鵬,無黨籍及未經政黨推薦,8
富里鄉,石牌村,楊悟空,無黨籍及未經政黨推薦,4,王廷升,中國國民黨,414,蕭美琴,民主進步黨,412,黄師鵬,無黨籍及未經政黨推薦,6
富里鄉,竹田村,楊悟空,無黨籍及未經政黨推薦,4,王廷升,中國國民黨,658,蕭美琴,民主進步黨,354,黄師鵬,無黨籍及未經政黨推薦,28
富里鄉,羅山村,楊悟空,無黨籍及未經政黨推薦,2,王廷升,中國國民黨,254,蕭美琴,民主進步黨,162,黄師鵬,無黨籍及未經政黨推薦,14
富里鄉,萬寧村,楊悟空,無黨籍及未經政黨推薦,2,王廷升,中國國民黨,274,蕭美琴,民主進步黨,144,黄師鵬,無黨籍及未經政黨推薦,12
富里鄉,豐南村,楊悟空,無黨籍及未經政黨推薦,2,王廷升,中國國民黨,130,蕭美琴,民主進步黨,110,黄師鵬,無黨籍及未經政黨推薦,4
新城鄉,佳林村,楊悟空,無黨籍及未經政黨推薦,4,王廷升,中國國民黨,328,蕭美琴,民主進步黨,494,黄師鵬,無黨籍及未經政黨推薦,14
新城鄉,北埔村,楊悟空,無黨籍及未經政黨推薦,26,王廷升,中國國民黨,1340,蕭美琴,民主進步黨,1620,黄師鵬,無黨籍及未經政黨推薦,50
新城鄉,嘉新村,楊悟空,無黨籍及未經政黨推薦,22,王廷升,中國國民黨,474,蕭美琴,民主進步黨,336,黄師鵬,無黨籍及未經政黨推薦,14
新城鄉,嘉里村,楊悟空,無黨籍及未經政黨推薦,54,王廷升,中國國民黨,1548,蕭美琴,民主進步黨,1484,黄師鵬,無黨籍及未經政黨推薦,84
新城鄉,大漢村,楊悟空,無黨籍及未經政黨推薦,28,王廷升,中國國民黨,838,蕭美琴,民主進步黨,718,黄師鵬,無黨籍及未經政黨推薦,18
新城鄉,康樂村,楊悟空,無黨籍及未經政黨推薦,18,王廷升,中國國民黨,982,蕭美琴,民主進步黨,1174,黄師鵬,無黨籍及未經政黨推薦,18
新城鄉,新城村,楊悟空,無黨籍及未經政黨推薦,26,王廷升,中國國民黨,590,蕭美琴,民主進步黨,754,黄師鵬,無黨籍及未經政黨推薦,12
新城鄉,順安村,楊悟空,無黨籍及未經政黨推薦,4,王廷升,中國國民黨,346,蕭美琴,民主進步黨,594,黄師鵬,無黨籍及未經政黨推薦,10
玉里鎮,三民里,楊悟空,無黨籍及未經政黨推薦,4,王廷升,中國國民黨,296,蕭美琴,民主進步黨,516,黄師鵬,無黨籍及未經政黨推薦,16
玉里鎮,中城里,楊悟空,無黨籍及未經政黨推薦,26,王廷升,中國國民黨,2238,蕭美琴,民主進步黨,2652,黄師鵬,無黨籍及未經政黨推薦,70
玉里鎮,啟模里,楊悟空,無黨籍及未經政黨推薦,10,王廷升,中國國民黨,720,蕭美琴,民主進步黨,768,黄師鵬,無黨籍及未經政黨推薦,26
玉里鎮,國武里,楊悟空,無黨籍及未經政黨推薦,10,王廷升,中國國民黨,670,蕭美琴,民主進步黨,712,黄師鵬,無黨籍及未經政黨推薦,18
玉里鎮,大禹里,楊悟空,無黨籍及未經政黨推薦,12,王廷升,中國國民黨,340,蕭美琴,民主進步黨,440,黄師鵬,無黨籍及未經政黨推薦,16
玉里鎮,德武里,楊悟空,無黨籍及未經政黨推薦,0,王廷升,中國國民黨,22,蕭美琴,民主進步黨,18,黄師鵬,無黨籍及未經政黨推薦,0
玉里鎮,春日里,楊悟空,無黨籍及未經政黨推薦,10,王廷升,中國國民黨,114,蕭美琴,民主進步黨,222,黄師鵬,無黨籍及未經政黨推薦,10
玉里鎮,東豐里,楊悟空,無黨籍及未經政黨推薦,0,王廷升,中國國民黨,134,蕭美琴,民主進步黨,208,黄師鵬,無黨籍及未經政黨推薦,16
玉里鎮,松浦里,楊悟空,無黨籍及未經政黨推薦,2,王廷升,中國國民黨,182,蕭美琴,民主進步黨,162,黄師鵬,無黨籍及未經政黨推薦,6
玉里鎮,樂合里,楊悟空,無黨籍及未經政黨推薦,2,王廷升,中國國民黨,162,蕭美琴,民主進步黨,158,黄師鵬,無黨籍及未經政黨推薦,8
玉里鎮,永昌里,楊悟空,無黨籍及未經政黨推薦,4,王廷升,中國國民黨,498,蕭美琴,民主進步黨,450,黄師鵬,無黨籍及未經政黨推薦,10
玉里鎮,泰昌里,楊悟空,無黨籍及未經政黨推薦,10,王廷升,中國國民黨,548,蕭美琴,民主進步黨,370,黄師鵬,無黨籍及未經政黨推薦,16
玉里鎮,源城里,楊悟空,無黨籍及未經政黨推薦,4,王廷升,中國國民黨,464,蕭美琴,民主進步黨,588,黄師鵬,無黨籍及未經政黨推薦,20
玉里鎮,觀音里,楊悟空,無黨籍及未經政黨推薦,6,王廷升,中國國民黨,366,蕭美琴,民主進步黨,382,黄師鵬,無黨籍及未經政黨推薦,14
玉里鎮,長良里,楊悟空,無黨籍及未經政黨推薦,2,王廷升,中國國民黨,200,蕭美琴,民主進步黨,112,黄師鵬,無黨籍及未經政黨推薦,6
瑞穗鄉,奇美村,楊悟空,無黨籍及未經政黨推薦,2,王廷升,中國國民黨,28,蕭美琴,民主進步黨,26,黄師鵬,無黨籍及未經政黨推薦,2
瑞穗鄉,富民村,楊悟空,無黨籍及未經政黨推薦,2,王廷升,中國國民黨,96,蕭美琴,民主進步黨,78,黄師鵬,無黨籍及未經政黨推薦,2
瑞穗鄉,富源村,楊悟空,無黨籍及未經政黨推薦,0,王廷升,中國國民黨,246,蕭美琴,民主進步黨,296,黄師鵬,無黨籍及未經政黨推薦,2
瑞穗鄉,富興村,楊悟空,無黨籍及未經政黨推薦,2,王廷升,中國國民黨,84,蕭美琴,民主進步黨,360,黄師鵬,無黨籍及未經政黨推薦,12
瑞穗鄉,瑞北村,楊悟空,無黨籍及未經政黨推薦,0,王廷升,中國國民黨,164,蕭美琴,民主進步黨,198,黄師鵬,無黨籍及未經政黨推薦,12
瑞穗鄉,瑞祥村,楊悟空,無黨籍及未經政黨推薦,4,王廷升,中國國民黨,352,蕭美琴,民主進步黨,436,黄師鵬,無黨籍及未經政黨推薦,16
瑞穗鄉,瑞穗村,楊悟空,無黨籍及未經政黨推薦,8,王廷升,中國國民黨,848,蕭美琴,民主進步黨,990,黄師鵬,無黨籍及未經政黨推薦,32
瑞穗鄉,瑞美村,楊悟空,無黨籍及未經政黨推薦,8,王廷升,中國國民黨,754,蕭美琴,民主進步黨,810,黄師鵬,無黨籍及未經政黨推薦,8
瑞穗鄉,瑞良村,楊悟空,無黨籍及未經政黨推薦,0,王廷升,中國國民黨,192,蕭美琴,民主進步黨,212,黄師鵬,無黨籍及未經政黨推薦,6
瑞穗鄉,舞鶴村,楊悟空,無黨籍及未經政黨推薦,4,王廷升,中國國民黨,218,蕭美琴,民主進步黨,210,黄師鵬,無黨籍及未經政黨推薦,6
瑞穗鄉,鶴岡村,楊悟空,無黨籍及未經政黨推薦,2,王廷升,中國國民黨,104,蕭美琴,民主進步黨,122,黄師鵬,無黨籍及未經政黨推薦,6
秀林鄉,佳民村,楊悟空,無黨籍及未經政黨推薦,0,王廷升,中國國民黨,72,蕭美琴,民主進步黨,58,黄師鵬,無黨籍及未經政黨推薦,2
秀林鄉,和平村,楊悟空,無黨籍及未經政黨推薦,4,王廷升,中國國民黨,160,蕭美琴,民主進步黨,248,黄師鵬,無黨籍及未經政黨推薦,4
秀林鄉,富世村,楊悟空,無黨籍及未經政黨推薦,10,王廷升,中國國民黨,136,蕭美琴,民主進步黨,140,黄師鵬,無黨籍及未經政黨推薦,6
秀林鄉,崇德村,楊悟空,無黨籍及未經政黨推薦,6,王廷升,中國國民黨,164,蕭美琴,民主進步黨,162,黄師鵬,無黨籍及未經政黨推薦,0
秀林鄉,文蘭村,楊悟空,無黨籍及未經政黨推薦,0,王廷升,中國國民黨,40,蕭美琴,民主進步黨,32,黄師鵬,無黨籍及未經政黨推薦,2
秀林鄉,景美村,楊悟空,無黨籍及未經政黨推薦,6,王廷升,中國國民黨,58,蕭美琴,民主進步黨,86,黄師鵬,無黨籍及未經政黨推薦,0
秀林鄉,水源村,楊悟空,無黨籍及未經政黨推薦,0,王廷升,中國國民黨,72,蕭美琴,民主進步黨,64,黄師鵬,無黨籍及未經政黨推薦,2
秀林鄉,秀林村,楊悟空,無黨籍及未經政黨推薦,0,王廷升,中國國民黨,46,蕭美琴,民主進步黨,46,黄師鵬,無黨籍及未經政黨推薦,0
秀林鄉,銅門村,楊悟空,無黨籍及未經政黨推薦,0,王廷升,中國國民黨,36,蕭美琴,民主進步黨,26,黄師鵬,無黨籍及未經政黨推薦,0
花蓮市,主信里,楊悟空,無黨籍及未經政黨推薦,14,王廷升,中國國民黨,266,蕭美琴,民主進步黨,436,黄師鵬,無黨籍及未經政黨推薦,4
花蓮市,主力里,楊悟空,無黨籍及未經政黨推薦,34,王廷升,中國國民黨,1212,蕭美琴,民主進步黨,1784,黄師鵬,無黨籍及未經政黨推薦,32
花蓮市,主勤里,楊悟空,無黨籍及未經政黨推薦,14,王廷升,中國國民黨,420,蕭美琴,民主進步黨,552,黄師鵬,無黨籍及未經政黨推薦,12
花蓮市,主和里,楊悟空,無黨籍及未經政黨推薦,42,王廷升,中國國民黨,1404,蕭美琴,民主進步黨,1976,黄師鵬,無黨籍及未經政黨推薦,46
花蓮市,主商里,楊悟空,無黨籍及未經政黨推薦,6,王廷升,中國國民黨,282,蕭美琴,民主進步黨,496,黄師鵬,無黨籍及未經政黨推薦,6
花蓮市,主學里,楊悟空,無黨籍及未經政黨推薦,28,王廷升,中國國民黨,842,蕭美琴,民主進步黨,1208,黄師鵬,無黨籍及未經政黨推薦,32
花蓮市,主安里,楊悟空,無黨籍及未經政黨推薦,52,王廷升,中國國民黨,1264,蕭美琴,民主進步黨,1436,黄師鵬,無黨籍及未經政黨推薦,44
花蓮市,主工里,楊悟空,無黨籍及未經政黨推薦,16,王廷升,中國國民黨,270,蕭美琴,民主進步黨,432,黄師鵬,無黨籍及未經政黨推薦,16
花蓮市,主權里,楊悟空,無黨籍及未經政黨推薦,64,王廷升,中國國民黨,2200,蕭美琴,民主進步黨,3104,黄師鵬,無黨籍及未經政黨推薦,100
花蓮市,主睦里,楊悟空,無黨籍及未經政黨推薦,8,王廷升,中國國民黨,240,蕭美琴,民主進步黨,382,黄師鵬,無黨籍及未經政黨推薦,10
花蓮市,主義里,楊悟空,無黨籍及未經政黨推薦,10,王廷升,中國國民黨,204,蕭美琴,民主進步黨,332,黄師鵬,無黨籍及未經政黨推薦,4
花蓮市,主計里,楊悟空,無黨籍及未經政黨推薦,14,王廷升,中國國民黨,366,蕭美琴,民主進步黨,462,黄師鵬,無黨籍及未經政黨推薦,8
花蓮市,主農里,楊悟空,無黨籍及未經政黨推薦,56,王廷升,中國國民黨,1684,蕭美琴,民主進步黨,2052,黄師鵬,無黨籍及未經政黨推薦,40
花蓮市,國光里,楊悟空,無黨籍及未經政黨推薦,14,王廷升,中國國民黨,600,蕭美琴,民主進步黨,668,黄師鵬,無黨籍及未經政黨推薦,22
花蓮市,國威里,楊悟空,無黨籍及未經政黨推薦,28,王廷升,中國國民黨,732,蕭美琴,民主進步黨,1064,黄師鵬,無黨籍及未經政黨推薦,20
花蓮市,國安里,楊悟空,無黨籍及未經政黨推薦,8,王廷升,中國國民黨,252,蕭美琴,民主進步黨,370,黄師鵬,無黨籍及未經政黨推薦,8
花蓮市,國富里,楊悟空,無黨籍及未經政黨推薦,64,王廷升,中國國民黨,2376,蕭美琴,民主進步黨,3094,黄師鵬,無黨籍及未經政黨推薦,76
花蓮市,國強里,楊悟空,無黨籍及未經政黨推薦,28,王廷升,中國國民黨,634,蕭美琴,民主進步黨,1014,黄師鵬,無黨籍及未經政黨推薦,20
花蓮市,國慶里,楊悟空,無黨籍及未經政黨推薦,16,王廷升,中國國民黨,328,蕭美琴,民主進步黨,650,黄師鵬,無黨籍及未經政黨推薦,16
花蓮市,國治里,楊悟空,無黨籍及未經政黨推薦,12,王廷升,中國國民黨,472,蕭美琴,民主進步黨,560,黄師鵬,無黨籍及未經政黨推薦,6
花蓮市,國盛里,楊悟空,無黨籍及未經政黨推薦,50,王廷升,中國國民黨,1552,蕭美琴,民主進步黨,1924,黄師鵬,無黨籍及未經政黨推薦,48
花蓮市,國福里,楊悟空,無黨籍及未經政黨推薦,10,王廷升,中國國民黨,282,蕭美琴,民主進步黨,676,黄師鵬,無黨籍及未經政黨推薦,26
花蓮市,國聯里,楊悟空,無黨籍及未經政黨推薦,46,王廷升,中國國民黨,1230,蕭美琴,民主進步黨,1844,黄師鵬,無黨籍及未經政黨推薦,42
花蓮市,國興里,楊悟空,無黨籍及未經政黨推薦,50,王廷升,中國國民黨,1854,蕭美琴,民主進步黨,2182,黄師鵬,無黨籍及未經政黨推薦,52
花蓮市,國華里,楊悟空,無黨籍及未經政黨推薦,38,王廷升,中國國民黨,1166,蕭美琴,民主進步黨,1496,黄師鵬,無黨籍及未經政黨推薦,26
花蓮市,國裕里,楊悟空,無黨籍及未經政黨推薦,70,王廷升,中國國民黨,1958,蕭美琴,民主進步黨,2386,黄師鵬,無黨籍及未經政黨推薦,70
花蓮市,國防里,楊悟空,無黨籍及未經政黨推薦,10,王廷升,中國國民黨,332,蕭美琴,民主進步黨,478,黄師鵬,無黨籍及未經政黨推薦,16
花蓮市,國風里,楊悟空,無黨籍及未經政黨推薦,52,王廷升,中國國民黨,1574,蕭美琴,民主進步黨,2112,黄師鵬,無黨籍及未經政黨推薦,56
花蓮市,國魂里,楊悟空,無黨籍及未經政黨推薦,20,王廷升,中國國民黨,962,蕭美琴,民主進步黨,1296,黄師鵬,無黨籍及未經政黨推薦,34
花蓮市,民享里,楊悟空,無黨籍及未經政黨推薦,64,王廷升,中國國民黨,1388,蕭美琴,民主進步黨,1292,黄師鵬,無黨籍及未經政黨推薦,32
花蓮市,民勤里,楊悟空,無黨籍及未經政黨推薦,38,王廷升,中國國民黨,1716,蕭美琴,民主進步黨,1600,黄師鵬,無黨籍及未經政黨推薦,76
花蓮市,民孝里,楊悟空,無黨籍及未經政黨推薦,66,王廷升,中國國民黨,1772,蕭美琴,民主進步黨,1548,黄師鵬,無黨籍及未經政黨推薦,60
花蓮市,民德里,楊悟空,無黨籍及未經政黨推薦,18,王廷升,中國國民黨,866,蕭美琴,民主進步黨,920,黄師鵬,無黨籍及未經政黨推薦,24
花蓮市,民心里,楊悟空,無黨籍及未經政黨推薦,14,王廷升,中國國民黨,434,蕭美琴,民主進步黨,582,黄師鵬,無黨籍及未經政黨推薦,16
花蓮市,民意里,楊悟空,無黨籍及未經政黨推薦,42,王廷升,中國國民黨,1332,蕭美琴,民主進步黨,658,黄師鵬,無黨籍及未經政黨推薦,46
花蓮市,民政里,楊悟空,無黨籍及未經政黨推薦,46,王廷升,中國國民黨,1804,蕭美琴,民主進步黨,1890,黄師鵬,無黨籍及未經政黨推薦,78
花蓮市,民族里,楊悟空,無黨籍及未經政黨推薦,2,王廷升,中國國民黨,248,蕭美琴,民主進步黨,276,黄師鵬,無黨籍及未經政黨推薦,10
花蓮市,民有里,楊悟空,無黨籍及未經政黨推薦,14,王廷升,中國國民黨,276,蕭美琴,民主進步黨,436,黄師鵬,無黨籍及未經政黨推薦,2
花蓮市,民樂里,楊悟空,無黨籍及未經政黨推薦,10,王廷升,中國國民黨,242,蕭美琴,民主進步黨,312,黄師鵬,無黨籍及未經政黨推薦,10
花蓮市,民權里,楊悟空,無黨籍及未經政黨推薦,2,王廷升,中國國民黨,222,蕭美琴,民主進步黨,224,黄師鵬,無黨籍及未經政黨推薦,12
花蓮市,民治里、民主里,楊悟空,無黨籍及未經政黨推薦,6,王廷升,中國國民黨,286,蕭美琴,民主進步黨,312,黄師鵬,無黨籍及未經政黨推薦,8
花蓮市,民生里,楊悟空,無黨籍及未經政黨推薦,6,王廷升,中國國民黨,548,蕭美琴,民主進步黨,750,黄師鵬,無黨籍及未經政黨推薦,22
花蓮市,民立里,楊悟空,無黨籍及未經政黨推薦,24,王廷升,中國國民黨,764,蕭美琴,民主進步黨,764,黄師鵬,無黨籍及未經政黨推薦,20
花蓮市,民運里,楊悟空,無黨籍及未經政黨推薦,34,王廷升,中國國民黨,970,蕭美琴,民主進步黨,1112,黄師鵬,無黨籍及未經政黨推薦,38
萬榮鄉,明利村,楊悟空,無黨籍及未經政黨推薦,0,王廷升,中國國民黨,18,蕭美琴,民主進步黨,32,黄師鵬,無黨籍及未經政黨推薦,0
萬榮鄉,紅葉村,楊悟空,無黨籍及未經政黨推薦,0,王廷升,中國國民黨,34,蕭美琴,民主進步黨,34,黄師鵬,無黨籍及未經政黨推薦,2
萬榮鄉,萬榮村,楊悟空,無黨籍及未經政黨推薦,0,王廷升,中國國民黨,18,蕭美琴,民主進步黨,20,黄師鵬,無黨籍及未經政黨推薦,0
萬榮鄉,西林村,楊悟空,無黨籍及未經政黨推薦,0,王廷升,中國國民黨,16,蕭美琴,民主進步黨,14,黄師鵬,無黨籍及未經政黨推薦,0
萬榮鄉,見晴村,楊悟空,無黨籍及未經政黨推薦,0,王廷升,中國國民黨,6,蕭美琴,民主進步黨,18,黄師鵬,無黨籍及未經政黨推薦,2
萬榮鄉,馬遠村,楊悟空,無黨籍及未經政黨推薦,0,王廷升,中國國民黨,12,蕭美琴,民主進步黨,10,黄師鵬,無黨籍及未經政黨推薦,0
豐濱鄉,新社村,楊悟空,無黨籍及未經政黨推薦,0,王廷升,中國國民黨,26,蕭美琴,民主進步黨,40,黄師鵬,無黨籍及未經政黨推薦,2
豐濱鄉,港口村,楊悟空,無黨籍及未經政黨推薦,0,王廷升,中國國民黨,40,蕭美琴,民主進步黨,86,黄師鵬,無黨籍及未經政黨推薦,2
豐濱鄉,磯崎村,楊悟空,無黨籍及未經政黨推薦,4,王廷升,中國國民黨,22,蕭美琴,民主進步黨,28,黄師鵬,無黨籍及未經政黨推薦,2
豐濱鄉,豐濱村,楊悟空,無黨籍及未經政黨推薦,2,王廷升,中國國民黨,222,蕭美琴,民主進步黨,198,黄師鵬,無黨籍及未經政黨推薦,8
豐濱鄉,靜浦村,楊悟空,無黨籍及未經政黨推薦,2,王廷升,中國國民黨,22,蕭美琴,民主進步黨,26,黄師鵬,無黨籍及未經政黨推薦,0
鳳林鎮,北林里,楊悟空,無黨籍及未經政黨推薦,8,王廷升,中國國民黨,174,蕭美琴,民主進步黨,432,黄師鵬,無黨籍及未經政黨推薦,12
鳳林鎮,南平里,楊悟空,無黨籍及未經政黨推薦,4,王廷升,中國國民黨,282,蕭美琴,民主進步黨,302,黄師鵬,無黨籍及未經政黨推薦,6
鳳林鎮,大榮里,楊悟空,無黨籍及未經政黨推薦,2,王廷升,中國國民黨,516,蕭美琴,民主進步黨,676,黄師鵬,無黨籍及未經政黨推薦,16
鳳林鎮,山興里,楊悟空,無黨籍及未經政黨推薦,6,王廷升,中國國民黨,74,蕭美琴,民主進步黨,94,黄師鵬,無黨籍及未經政黨推薦,4
鳳林鎮,林榮里,楊悟空,無黨籍及未經政黨推薦,4,王廷升,中國國民黨,418,蕭美琴,民主進步黨,464,黄師鵬,無黨籍及未經政黨推薦,16
鳳林鎮,森榮里,楊悟空,無黨籍及未經政黨推薦,0,王廷升,中國國民黨,34,蕭美琴,民主進步黨,30,黄師鵬,無黨籍及未經政黨推薦,4
鳳林鎮,長橋里,楊悟空,無黨籍及未經政黨推薦,6,王廷升,中國國民黨,420,蕭美琴,民主進步黨,494,黄師鵬,無黨籍及未經政黨推薦,20
鳳林鎮,鳳仁里,楊悟空,無黨籍及未經政黨推薦,4,王廷升,中國國民黨,594,蕭美琴,民主進步黨,728,黄師鵬,無黨籍及未經政黨推薦,14
鳳林鎮,鳳信里,楊悟空,無黨籍及未經政黨推薦,8,王廷升,中國國民黨,444,蕭美琴,民主進步黨,388,黄師鵬,無黨籍及未經政黨推薦,12
鳳林鎮,鳳智里,楊悟空,無黨籍及未經政黨推薦,8,王廷升,中國國民黨,712,蕭美琴,民主進步黨,540,黄師鵬,無黨籍及未經政黨推薦,16
鳳林鎮,鳳禮里,楊悟空,無黨籍及未經政黨推薦,12,王廷升,中國國民黨,388,蕭美琴,民主進步黨,362,黄師鵬,無黨籍及未經政黨推薦,2
鳳林鎮,鳳義里,楊悟空,無黨籍及未經政黨推薦,6,王廷升,中國國民黨,356,蕭美琴,民主進步黨,314,黄師鵬,無黨籍及未經政黨推薦,12
