行政區別,村里別,伍興明,林素美,簡智隆,蘇忠亮,許淑銀Otiam Cirig,陳秋英,陳長明,高小成Qaisul‧Tamapima,高毓真,伍興明_黨籍,林素美_黨籍,簡智隆_黨籍,蘇忠亮_黨籍,許淑銀Otiam Cirig_黨籍,陳秋英_黨籍,陳長明_黨籍,高小成Qaisul‧Tamapima_黨籍,高毓真_黨籍
光復鄉,北富村,4.0,,2.0,,,2.0,2.0,,,無黨籍及未經政黨推薦,無黨籍及未經政黨推薦,無黨籍及未經政黨推薦,中國國民黨,無黨籍及未經政黨推薦,中國國民黨,中國國民黨,無黨籍及未經政黨推薦,無黨籍及未經政黨推薦
光復鄉,南富村,0.0,,4.0,,,0.0,4.0,,,無黨籍及未經政黨推薦,無黨籍及未經政黨推薦,無黨籍及未經政黨推薦,中國國民黨,無黨籍及未經政黨推薦,中國國民黨,中國國民黨,無黨籍及未經政黨推薦,無黨籍及未經政黨推薦
光復鄉,大全村,0.0,,0.0,,,0.0,0.0,,,無黨籍及未經政黨推薦,無黨籍及未經政黨推薦,無黨籍及未經政黨推薦,中國國民黨,無黨籍及未經政黨推薦,中國國民黨,中國國民黨,無黨籍及未經政黨推薦,無黨籍及未經政黨推薦
光復鄉,大同村,6.0,,6.0,,,6.0,6.0,,,無黨籍及未經政黨推薦,無黨籍及未經政黨推薦,無黨籍及未經政黨推薦,中國國民黨,無黨籍及未經政黨推薦,中國國民黨,中國國民黨,無黨籍及未經政黨推薦,無黨籍及未經政黨推薦
光復鄉,大安村,2.0,,0.0,,,6.0,0.0,,,無黨籍及未經政黨推薦,無黨籍及未經政黨推薦,無黨籍及未經政黨推薦,中國國民黨,無黨籍及未經政黨推薦,中國國民黨,中國國民黨,無黨籍及未經政黨推薦,無黨籍及未經政黨推薦
光復鄉,大富村,0.0,,2.0,,,0.0,0.0,,,無黨籍及未經政黨推薦,無黨籍及未經政黨推薦,無黨籍及未經政黨推薦,中國國民黨,無黨籍及未經政黨推薦,中國國民黨,中國國民黨,無黨籍及未經政黨推薦,無黨籍及未經政黨推薦
光復鄉,大平村,4.0,,2.0,,,4.0,2.0,,,無黨籍及未經政黨推薦,無黨籍及未經政黨推薦,無黨籍及未經政黨推薦,中國國民黨,無黨籍及未經政黨推薦,中國國民黨,中國國民黨,無黨籍及未經政黨推薦,無黨籍及未經政黨推薦
光復鄉,大興村,6.0,,0.0,,,0.0,2.0,,,無黨籍及未經政黨推薦,無黨籍及未經政黨推薦,無黨籍及未經政黨推薦,中國國民黨,無黨籍及未經政黨推薦,中國國民黨,中國國民黨,無黨籍及未經政黨推薦,無黨籍及未經政黨推薦
光復鄉,大華村,2.0,,2.0,,,2.0,10.0,,,無黨籍及未經政黨推薦,無黨籍及未經政黨推薦,無黨籍及未經政黨推薦,中國國民黨,無黨籍及未經政黨推薦,中國國民黨,中國國民黨,無黨籍及未經政黨推薦,無黨籍及未經政黨推薦
光復鄉,大豐村,4.0,,10.0,,,4.0,4.0,,,無黨籍及未經政黨推薦,無黨籍及未經政黨推薦,無黨籍及未經政黨推薦,中國國民黨,無黨籍及未經政黨推薦,中國國民黨,中國國民黨,無黨籍及未經政黨推薦,無黨籍及未經政黨推薦
光復鄉,大進村,0.0,,4.0,,,0.0,2.0,,,無黨籍及未經政黨推薦,無黨籍及未經政黨推薦,無黨籍及未經政黨推薦,中國國民黨,無黨籍及未經政黨推薦,中國國民黨,中國國民黨,無黨籍及未經政黨推薦,無黨籍及未經政黨推薦
光復鄉,大馬村,8.0,,4.0,,,18.0,4.0,,,無黨籍及未經政黨推薦,無黨籍及未經政黨推薦,無黨籍及未經政黨推薦,中國國民黨,無黨籍及未經政黨推薦,中國國民黨,中國國民黨,無黨籍及未經政黨推薦,無黨籍及未經政黨推薦
光復鄉,東富村,2.0,,4.0,,,2.0,4.0,,,無黨籍及未經政黨推薦,無黨籍及未經政黨推薦,無黨籍及未經政黨推薦,中國國民黨,無黨籍及未經政黨推薦,中國國民黨,中國國民黨,無黨籍及未經政黨推薦,無黨籍及未經政黨推薦
光復鄉,西富村,2.0,,0.0,,,2.0,2.0,,,無黨籍及未經政黨推薦,無黨籍及未經政黨推薦,無黨籍及未經政黨推薦,中國國民黨,無黨籍及未經政黨推薦,中國國民黨,中國國民黨,無黨籍及未經政黨推薦,無黨籍及未經政黨推薦
卓溪鄉,卓清村,,,,524.0,,,,718.0,,無黨籍及未經政黨推薦,無黨籍及未經政黨推薦,無黨籍及未經政黨推薦,中國國民黨,無黨籍及未經政黨推薦,中國國民黨,中國國民黨,無黨籍及未經政黨推薦,無黨籍及未經政黨推薦
卓溪鄉,卓溪村,,,,348.0,,,,458.0,,無黨籍及未經政黨推薦,無黨籍及未經政黨推薦,無黨籍及未經政黨推薦,中國國民黨,無黨籍及未經政黨推薦,中國國民黨,中國國民黨,無黨籍及未經政黨推薦,無黨籍及未經政黨推薦
卓溪鄉,古風村,,,,628.0,,,,560.0,,無黨籍及未經政黨推薦,無黨籍及未經政黨推薦,無黨籍及未經政黨推薦,中國國民黨,無黨籍及未經政黨推薦,中國國民黨,中國國民黨,無黨籍及未經政黨推薦,無黨籍及未經政黨推薦
卓溪鄉,太平村,,,,466.0,,,,388.0,,無黨籍及未經政黨推薦,無黨籍及未經政黨推薦,無黨籍及未經政黨推薦,中國國民黨,無黨籍及未經政黨推薦,中國國民黨,中國國民黨,無黨籍及未經政黨推薦,無黨籍及未經政黨推薦
卓溪鄉,崙山村,,,,390.0,,,,298.0,,無黨籍及未經政黨推薦,無黨籍及未經政黨推薦,無黨籍及未經政黨推薦,中國國民黨,無黨籍及未經政黨推薦,中國國民黨,中國國民黨,無黨籍及未經政黨推薦,無黨籍及未經政黨推薦
卓溪鄉,立山村,,,,784.0,,,,728.0,,無黨籍及未經政黨推薦,無黨籍及未經政黨推薦,無黨籍及未經政黨推薦,中國國民黨,無黨籍及未經政黨推薦,中國國民黨,中國國民黨,無黨籍及未經政黨推薦,無黨籍及未經政黨推薦
吉安鄉,仁和村,,28.0,,,66.0,,,,22.0,無黨籍及未經政黨推薦,無黨籍及未經政黨推薦,無黨籍及未經政黨推薦,中國國民黨,無黨籍及未經政黨推薦,中國國民黨,中國國民黨,無黨籍及未經政黨推薦,無黨籍及未經政黨推薦
吉安鄉,仁安村,,12.0,,,18.0,,,,2.0,無黨籍及未經政黨推薦,無黨籍及未經政黨推薦,無黨籍及未經政黨推薦,中國國民黨,無黨籍及未經政黨推薦,中國國民黨,中國國民黨,無黨籍及未經政黨推薦,無黨籍及未經政黨推薦
吉安鄉,仁里村,,28.0,,,36.0,,,,24.0,無黨籍及未經政黨推薦,無黨籍及未經政黨推薦,無黨籍及未經政黨推薦,中國國民黨,無黨籍及未經政黨推薦,中國國民黨,中國國民黨,無黨籍及未經政黨推薦,無黨籍及未經政黨推薦
吉安鄉,光華村,,18.0,,,56.0,,,,30.0,無黨籍及未經政黨推薦,無黨籍及未經政黨推薦,無黨籍及未經政黨推薦,中國國民黨,無黨籍及未經政黨推薦,中國國民黨,中國國民黨,無黨籍及未經政黨推薦,無黨籍及未經政黨推薦
吉安鄉,勝安村,,24.0,,,20.0,,,,6.0,無黨籍及未經政黨推薦,無黨籍及未經政黨推薦,無黨籍及未經政黨推薦,中國國民黨,無黨籍及未經政黨推薦,中國國民黨,中國國民黨,無黨籍及未經政黨推薦,無黨籍及未經政黨推薦
吉安鄉,北昌村,,24.0,,,36.0,,,,18.0,無黨籍及未經政黨推薦,無黨籍及未經政黨推薦,無黨籍及未經政黨推薦,中國國民黨,無黨籍及未經政黨推薦,中國國民黨,中國國民黨,無黨籍及未經政黨推薦,無黨籍及未經政黨推薦
吉安鄉,南昌村,,8.0,,,44.0,,,,16.0,無黨籍及未經政黨推薦,無黨籍及未經政黨推薦,無黨籍及未經政黨推薦,中國國民黨,無黨籍及未經政黨推薦,中國國民黨,中國國民黨,無黨籍及未經政黨推薦,無黨籍及未經政黨推薦
吉安鄉,南華村,,36.0,,,102.0,,,,8.0,無黨籍及未經政黨推薦,無黨籍及未經政黨推薦,無黨籍及未經政黨推薦,中國國民黨,無黨籍及未經政黨推薦,中國國民黨,中國國民黨,無黨籍及未經政黨推薦,無黨籍及未經政黨推薦
吉安鄉,吉安村,,28.0,,,118.0,,,,30.0,無黨籍及未經政黨推薦,無黨籍及未經政黨推薦,無黨籍及未經政黨推薦,中國國民黨,無黨籍及未經政黨推薦,中國國民黨,中國國民黨,無黨籍及未經政黨推薦,無黨籍及未經政黨推薦
吉安鄉,太昌村,,46.0,,,108.0,,,,32.0,無黨籍及未經政黨推薦,無黨籍及未經政黨推薦,無黨籍及未經政黨推薦,中國國民黨,無黨籍及未經政黨推薦,中國國民黨,中國國民黨,無黨籍及未經政黨推薦,無黨籍及未經政黨推薦
吉安鄉,宜昌村,,14.0,,,42.0,,,,10.0,無黨籍及未經政黨推薦,無黨籍及未經政黨推薦,無黨籍及未經政黨推薦,中國國民黨,無黨籍及未經政黨推薦,中國國民黨,中國國民黨,無黨籍及未經政黨推薦,無黨籍及未經政黨推薦
吉安鄉,干城村,,96.0,,,50.0,,,,26.0,無黨籍及未經政黨推薦,無黨籍及未經政黨推薦,無黨籍及未經政黨推薦,中國國民黨,無黨籍及未經政黨推薦,中國國民黨,中國國民黨,無黨籍及未經政黨推薦,無黨籍及未經政黨推薦
吉安鄉,慶豐村,,60.0,,,214.0,,,,32.0,無黨籍及未經政黨推薦,無黨籍及未經政黨推薦,無黨籍及未經政黨推薦,中國國民黨,無黨籍及未經政黨推薦,中國國民黨,中國國民黨,無黨籍及未經政黨推薦,無黨籍及未經政黨推薦
吉安鄉,東昌村,,24.0,,,68.0,,,,18.0,無黨籍及未經政黨推薦,無黨籍及未經政黨推薦,無黨籍及未經政黨推薦,中國國民黨,無黨籍及未經政黨推薦,中國國民黨,中國國民黨,無黨籍及未經政黨推薦,無黨籍及未經政黨推薦
吉安鄉,永安村,,14.0,,,58.0,,,,10.0,無黨籍及未經政黨推薦,無黨籍及未經政黨推薦,無黨籍及未經政黨推薦,中國國民黨,無黨籍及未經政黨推薦,中國國民黨,中國國民黨,無黨籍及未經政黨推薦,無黨籍及未經政黨推薦
吉安鄉,永興村,,14.0,,,80.0,,,,52.0,無黨籍及未經政黨推薦,無黨籍及未經政黨推薦,無黨籍及未經政黨推薦,中國國民黨,無黨籍及未經政黨推薦,中國國民黨,中國國民黨,無黨籍及未經政黨推薦,無黨籍及未經政黨推薦
吉安鄉,福興村,,68.0,,,230.0,,,,46.0,無黨籍及未經政黨推薦,無黨籍及未經政黨推薦,無黨籍及未經政黨推薦,中國國民黨,無黨籍及未經政黨推薦,中國國民黨,中國國民黨,無黨籍及未經政黨推薦,無黨籍及未經政黨推薦
吉安鄉,稻香村,,16.0,,,36.0,,,,12.0,無黨籍及未經政黨推薦,無黨籍及未經政黨推薦,無黨籍及未經政黨推薦,中國國民黨,無黨籍及未經政黨推薦,中國國民黨,中國國民黨,無黨籍及未經政黨推薦,無黨籍及未經政黨推薦
壽豐鄉,光榮村,,0.0,,,20.0,,,,0.0,無黨籍及未經政黨推薦,無黨籍及未經政黨推薦,無黨籍及未經政黨推薦,中國國民黨,無黨籍及未經政黨推薦,中國國民黨,中國國民黨,無黨籍及未經政黨推薦,無黨籍及未經政黨推薦
壽豐鄉,共和村,,4.0,,,4.0,,,,4.0,無黨籍及未經政黨推薦,無黨籍及未經政黨推薦,無黨籍及未經政黨推薦,中國國民黨,無黨籍及未經政黨推薦,中國國民黨,中國國民黨,無黨籍及未經政黨推薦,無黨籍及未經政黨推薦
壽豐鄉,壽豐村,,2.0,,,14.0,,,,4.0,無黨籍及未經政黨推薦,無黨籍及未經政黨推薦,無黨籍及未經政黨推薦,中國國民黨,無黨籍及未經政黨推薦,中國國民黨,中國國民黨,無黨籍及未經政黨推薦,無黨籍及未經政黨推薦
壽豐鄉,平和村,,6.0,,,14.0,,,,6.0,無黨籍及未經政黨推薦,無黨籍及未經政黨推薦,無黨籍及未經政黨推薦,中國國民黨,無黨籍及未經政黨推薦,中國國民黨,中國國民黨,無黨籍及未經政黨推薦,無黨籍及未經政黨推薦
壽豐鄉,志學村,,26.0,,,50.0,,,,12.0,無黨籍及未經政黨推薦,無黨籍及未經政黨推薦,無黨籍及未經政黨推薦,中國國民黨,無黨籍及未經政黨推薦,中國國民黨,中國國民黨,無黨籍及未經政黨推薦,無黨籍及未經政黨推薦
壽豐鄉,月眉村,,2.0,,,20.0,,,,2.0,無黨籍及未經政黨推薦,無黨籍及未經政黨推薦,無黨籍及未經政黨推薦,中國國民黨,無黨籍及未經政黨推薦,中國國民黨,中國國民黨,無黨籍及未經政黨推薦,無黨籍及未經政黨推薦
壽豐鄉,樹湖村,,4.0,,,6.0,,,,2.0,無黨籍及未經政黨推薦,無黨籍及未經政黨推薦,無黨籍及未經政黨推薦,中國國民黨,無黨籍及未經政黨推薦,中國國民黨,中國國民黨,無黨籍及未經政黨推薦,無黨籍及未經政黨推薦
壽豐鄉,水璉村,,2.0,,,22.0,,,,6.0,無黨籍及未經政黨推薦,無黨籍及未經政黨推薦,無黨籍及未經政黨推薦,中國國民黨,無黨籍及未經政黨推薦,中國國民黨,中國國民黨,無黨籍及未經政黨推薦,無黨籍及未經政黨推薦
壽豐鄉,池南村,,6.0,,,28.0,,,,8.0,無黨籍及未經政黨推薦,無黨籍及未經政黨推薦,無黨籍及未經政黨推薦,中國國民黨,無黨籍及未經政黨推薦,中國國民黨,中國國民黨,無黨籍及未經政黨推薦,無黨籍及未經政黨推薦
壽豐鄉,溪口村,,10.0,,,14.0,,,,0.0,無黨籍及未經政黨推薦,無黨籍及未經政黨推薦,無黨籍及未經政黨推薦,中國國民黨,無黨籍及未經政黨推薦,中國國民黨,中國國民黨,無黨籍及未經政黨推薦,無黨籍及未經政黨推薦
壽豐鄉,米棧村,,0.0,,,2.0,,,,0.0,無黨籍及未經政黨推薦,無黨籍及未經政黨推薦,無黨籍及未經政黨推薦,中國國民黨,無黨籍及未經政黨推薦,中國國民黨,中國國民黨,無黨籍及未經政黨推薦,無黨籍及未經政黨推薦
壽豐鄉,豐坪村,,2.0,,,0.0,,,,2.0,無黨籍及未經政黨推薦,無黨籍及未經政黨推薦,無黨籍及未經政黨推薦,中國國民黨,無黨籍及未經政黨推薦,中國國民黨,中國國民黨,無黨籍及未經政黨推薦,無黨籍及未經政黨推薦
壽豐鄉,豐山村,,8.0,,,12.0,,,,0.0,無黨籍及未經政黨推薦,無黨籍及未經政黨推薦,無黨籍及未經政黨推薦,中國國民黨,無黨籍及未經政黨推薦,中國國民黨,中國國民黨,無黨籍及未經政黨推薦,無黨籍及未經政黨推薦
壽豐鄉,豐裡村,,2.0,,,12.0,,,,6.0,無黨籍及未經政黨推薦,無黨籍及未經政黨推薦,無黨籍及未經政黨推薦,中國國民黨,無黨籍及未經政黨推薦,中國國民黨,中國國民黨,無黨籍及未經政黨推薦,無黨籍及未經政黨推薦
壽豐鄉,鹽寮村,,8.0,,,12.0,,,,2.0,無黨籍及未經政黨推薦,無黨籍及未經政黨推薦,無黨籍及未經政黨推薦,中國國民黨,無黨籍及未經政黨推薦,中國國民黨,中國國民黨,無黨籍及未經政黨推薦,無黨籍及未經政黨推薦
富里鄉,吳江村,,,,16.0,,,,18.0,,無黨籍及未經政黨推薦,無黨籍及未經政黨推薦,無黨籍及未經政黨推薦,中國國民黨,無黨籍及未經政黨推薦,中國國民黨,中國國民黨,無黨籍及未經政黨推薦,無黨籍及未經政黨推薦
富里鄉,學田村,,,,10.0,,,,8.0,,無黨籍及未經政黨推薦,無黨籍及未經政黨推薦,無黨籍及未經政黨推薦,中國國民黨,無黨籍及未經政黨推薦,中國國民黨,中國國民黨,無黨籍及未經政黨推薦,無黨籍及未經政黨推薦
富里鄉,富南村,,,,6.0,,,,0.0,,無黨籍及未經政黨推薦,無黨籍及未經政黨推薦,無黨籍及未經政黨推薦,中國國民黨,無黨籍及未經政黨推薦,中國國民黨,中國國民黨,無黨籍及未經政黨推薦,無黨籍及未經政黨推薦
富里鄉,富里村,,,,12.0,,,,18.0,,無黨籍及未經政黨推薦,無黨籍及未經政黨推薦,無黨籍及未經政黨推薦,中國國民黨,無黨籍及未經政黨推薦,中國國民黨,中國國民黨,無黨籍及未經政黨推薦,無黨籍及未經政黨推薦
富里鄉,新興村,,,,8.0,,,,0.0,,無黨籍及未經政黨推薦,無黨籍及未經政黨推薦,無黨籍及未經政黨推薦,中國國民黨,無黨籍及未經政黨推薦,中國國民黨,中國國民黨,無黨籍及未經政黨推薦,無黨籍及未經政黨推薦
富里鄉,明里村,,,,10.0,,,,0.0,,無黨籍及未經政黨推薦,無黨籍及未經政黨推薦,無黨籍及未經政黨推薦,中國國民黨,無黨籍及未經政黨推薦,中國國民黨,中國國民黨,無黨籍及未經政黨推薦,無黨籍及未經政黨推薦
富里鄉,東里村,,,,8.0,,,,8.0,,無黨籍及未經政黨推薦,無黨籍及未經政黨推薦,無黨籍及未經政黨推薦,中國國民黨,無黨籍及未經政黨推薦,中國國民黨,中國國民黨,無黨籍及未經政黨推薦,無黨籍及未經政黨推薦
富里鄉,永豐村,,,,0.0,,,,4.0,,無黨籍及未經政黨推薦,無黨籍及未經政黨推薦,無黨籍及未經政黨推薦,中國國民黨,無黨籍及未經政黨推薦,中國國民黨,中國國民黨,無黨籍及未經政黨推薦,無黨籍及未經政黨推薦
富里鄉,石牌村,,,,6.0,,,,2.0,,無黨籍及未經政黨推薦,無黨籍及未經政黨推薦,無黨籍及未經政黨推薦,中國國民黨,無黨籍及未經政黨推薦,中國國民黨,中國國民黨,無黨籍及未經政黨推薦,無黨籍及未經政黨推薦
富里鄉,竹田村,,,,8.0,,,,2.0,,無黨籍及未經政黨推薦,無黨籍及未經政黨推薦,無黨籍及未經政黨推薦,中國國民黨,無黨籍及未經政黨推薦,中國國民黨,中國國民黨,無黨籍及未經政黨推薦,無黨籍及未經政黨推薦
富里鄉,羅山村,,,,2.0,,,,2.0,,無黨籍及未經政黨推薦,無黨籍及未經政黨推薦,無黨籍及未經政黨推薦,中國國民黨,無黨籍及未經政黨推薦,中國國民黨,中國國民黨,無黨籍及未經政黨推薦,無黨籍及未經政黨推薦
富里鄉,萬寧村,,,,0.0,,,,0.0,,無黨籍及未經政黨推薦,無黨籍及未經政黨推薦,無黨籍及未經政黨推薦,中國國民黨,無黨籍及未經政黨推薦,中國國民黨,中國國民黨,無黨籍及未經政黨推薦,無黨籍及未經政黨推薦
富里鄉,豐南村,,,,0.0,,,,6.0,,無黨籍及未經政黨推薦,無黨籍及未經政黨推薦,無黨籍及未經政黨推薦,中國國民黨,無黨籍及未經政黨推薦,中國國民黨,中國國民黨,無黨籍及未經政黨推薦,無黨籍及未經政黨推薦
新城鄉,佳林村,,26.0,,,44.0,,,,8.0,無黨籍及未經政黨推薦,無黨籍及未經政黨推薦,無黨籍及未經政黨推薦,中國國民黨,無黨籍及未經政黨推薦,中國國民黨,中國國民黨,無黨籍及未經政黨推薦,無黨籍及未經政黨推薦
新城鄉,北埔村,,96.0,,,188.0,,,,40.0,無黨籍及未經政黨推薦,無黨籍及未經政黨推薦,無黨籍及未經政黨推薦,中國國民黨,無黨籍及未經政黨推薦,中國國民黨,中國國民黨,無黨籍及未經政黨推薦,無黨籍及未經政黨推薦
新城鄉,嘉新村,,34.0,,,116.0,,,,4.0,無黨籍及未經政黨推薦,無黨籍及未經政黨推薦,無黨籍及未經政黨推薦,中國國民黨,無黨籍及未經政黨推薦,中國國民黨,中國國民黨,無黨籍及未經政黨推薦,無黨籍及未經政黨推薦
新城鄉,嘉里村,,94.0,,,204.0,,,,76.0,無黨籍及未經政黨推薦,無黨籍及未經政黨推薦,無黨籍及未經政黨推薦,中國國民黨,無黨籍及未經政黨推薦,中國國民黨,中國國民黨,無黨籍及未經政黨推薦,無黨籍及未經政黨推薦
新城鄉,大漢村,,66.0,,,162.0,,,,40.0,無黨籍及未經政黨推薦,無黨籍及未經政黨推薦,無黨籍及未經政黨推薦,中國國民黨,無黨籍及未經政黨推薦,中國國民黨,中國國民黨,無黨籍及未經政黨推薦,無黨籍及未經政黨推薦
新城鄉,康樂村,,92.0,,,150.0,,,,62.0,無黨籍及未經政黨推薦,無黨籍及未經政黨推薦,無黨籍及未經政黨推薦,中國國民黨,無黨籍及未經政黨推薦,中國國民黨,中國國民黨,無黨籍及未經政黨推薦,無黨籍及未經政黨推薦
新城鄉,新城村,,18.0,,,76.0,,,,38.0,無黨籍及未經政黨推薦,無黨籍及未經政黨推薦,無黨籍及未經政黨推薦,中國國民黨,無黨籍及未經政黨推薦,中國國民黨,中國國民黨,無黨籍及未經政黨推薦,無黨籍及未經政黨推薦
新城鄉,順安村,,22.0,,,56.0,,,,20.0,無黨籍及未經政黨推薦,無黨籍及未經政黨推薦,無黨籍及未經政黨推薦,中國國民黨,無黨籍及未經政黨推薦,中國國民黨,中國國民黨,無黨籍及未經政黨推薦,無黨籍及未經政黨推薦
玉里鎮,三民里,,,,8.0,,,,6.0,,無黨籍及未經政黨推薦,無黨籍及未經政黨推薦,無黨籍及未經政黨推薦,中國國民黨,無黨籍及未經政黨推薦,中國國民黨,中國國民黨,無黨籍及未經政黨推薦,無黨籍及未經政黨推薦
玉里鎮,中城里,,,,108.0,,,,140.0,,無黨籍及未經政黨推薦,無黨籍及未經政黨推薦,無黨籍及未經政黨推薦,中國國民黨,無黨籍及未經政黨推薦,中國國民黨,中國國民黨,無黨籍及未經政黨推薦,無黨籍及未經政黨推薦
玉里鎮,啟模里,,,,38.0,,,,28.0,,無黨籍及未經政黨推薦,無黨籍及未經政黨推薦,無黨籍及未經政黨推薦,中國國民黨,無黨籍及未經政黨推薦,中國國民黨,中國國民黨,無黨籍及未經政黨推薦,無黨籍及未經政黨推薦
玉里鎮,國武里,,,,8.0,,,,4.0,,無黨籍及未經政黨推薦,無黨籍及未經政黨推薦,無黨籍及未經政黨推薦,中國國民黨,無黨籍及未經政黨推薦,中國國民黨,中國國民黨,無黨籍及未經政黨推薦,無黨籍及未經政黨推薦
玉里鎮,大禹里,,,,28.0,,,,16.0,,無黨籍及未經政黨推薦,無黨籍及未經政黨推薦,無黨籍及未經政黨推薦,中國國民黨,無黨籍及未經政黨推薦,中國國民黨,中國國民黨,無黨籍及未經政黨推薦,無黨籍及未經政黨推薦
玉里鎮,德武里,,,,4.0,,,,6.0,,無黨籍及未經政黨推薦,無黨籍及未經政黨推薦,無黨籍及未經政黨推薦,中國國民黨,無黨籍及未經政黨推薦,中國國民黨,中國國民黨,無黨籍及未經政黨推薦,無黨籍及未經政黨推薦
玉里鎮,春日里,,,,4.0,,,,0.0,,無黨籍及未經政黨推薦,無黨籍及未經政黨推薦,無黨籍及未經政黨推薦,中國國民黨,無黨籍及未經政黨推薦,中國國民黨,中國國民黨,無黨籍及未經政黨推薦,無黨籍及未經政黨推薦
玉里鎮,東豐里,,,,4.0,,,,16.0,,無黨籍及未經政黨推薦,無黨籍及未經政黨推薦,無黨籍及未經政黨推薦,中國國民黨,無黨籍及未經政黨推薦,中國國民黨,中國國民黨,無黨籍及未經政黨推薦,無黨籍及未經政黨推薦
玉里鎮,松浦里,,,,4.0,,,,12.0,,無黨籍及未經政黨推薦,無黨籍及未經政黨推薦,無黨籍及未經政黨推薦,中國國民黨,無黨籍及未經政黨推薦,中國國民黨,中國國民黨,無黨籍及未經政黨推薦,無黨籍及未經政黨推薦
玉里鎮,樂合里,,,,2.0,,,,8.0,,無黨籍及未經政黨推薦,無黨籍及未經政黨推薦,無黨籍及未經政黨推薦,中國國民黨,無黨籍及未經政黨推薦,中國國民黨,中國國民黨,無黨籍及未經政黨推薦,無黨籍及未經政黨推薦
玉里鎮,永昌里,,,,32.0,,,,56.0,,無黨籍及未經政黨推薦,無黨籍及未經政黨推薦,無黨籍及未經政黨推薦,中國國民黨,無黨籍及未經政黨推薦,中國國民黨,中國國民黨,無黨籍及未經政黨推薦,無黨籍及未經政黨推薦
玉里鎮,泰昌里,,,,38.0,,,,24.0,,無黨籍及未經政黨推薦,無黨籍及未經政黨推薦,無黨籍及未經政黨推薦,中國國民黨,無黨籍及未經政黨推薦,中國國民黨,中國國民黨,無黨籍及未經政黨推薦,無黨籍及未經政黨推薦
玉里鎮,源城里,,,,12.0,,,,6.0,,無黨籍及未經政黨推薦,無黨籍及未經政黨推薦,無黨籍及未經政黨推薦,中國國民黨,無黨籍及未經政黨推薦,中國國民黨,中國國民黨,無黨籍及未經政黨推薦,無黨籍及未經政黨推薦
玉里鎮,觀音里,,,,14.0,,,,22.0,,無黨籍及未經政黨推薦,無黨籍及未經政黨推薦,無黨籍及未經政黨推薦,中國國民黨,無黨籍及未經政黨推薦,中國國民黨,中國國民黨,無黨籍及未經政黨推薦,無黨籍及未經政黨推薦
玉里鎮,長良里,,,,20.0,,,,28.0,,無黨籍及未經政黨推薦,無黨籍及未經政黨推薦,無黨籍及未經政黨推薦,中國國民黨,無黨籍及未經政黨推薦,中國國民黨,中國國民黨,無黨籍及未經政黨推薦,無黨籍及未經政黨推薦
瑞穗鄉,奇美村,22.0,,26.0,,,14.0,6.0,,,無黨籍及未經政黨推薦,無黨籍及未經政黨推薦,無黨籍及未經政黨推薦,中國國民黨,無黨籍及未經政黨推薦,中國國民黨,中國國民黨,無黨籍及未經政黨推薦,無黨籍及未經政黨推薦
瑞穗鄉,富民村,18.0,,36.0,,,6.0,6.0,,,無黨籍及未經政黨推薦,無黨籍及未經政黨推薦,無黨籍及未經政黨推薦,中國國民黨,無黨籍及未經政黨推薦,中國國民黨,中國國民黨,無黨籍及未經政黨推薦,無黨籍及未經政黨推薦
瑞穗鄉,富源村,2.0,,0.0,,,4.0,2.0,,,無黨籍及未經政黨推薦,無黨籍及未經政黨推薦,無黨籍及未經政黨推薦,中國國民黨,無黨籍及未經政黨推薦,中國國民黨,中國國民黨,無黨籍及未經政黨推薦,無黨籍及未經政黨推薦
瑞穗鄉,富興村,0.0,,0.0,,,0.0,2.0,,,無黨籍及未經政黨推薦,無黨籍及未經政黨推薦,無黨籍及未經政黨推薦,中國國民黨,無黨籍及未經政黨推薦,中國國民黨,中國國民黨,無黨籍及未經政黨推薦,無黨籍及未經政黨推薦
瑞穗鄉,瑞北村,6.0,,16.0,,,0.0,12.0,,,無黨籍及未經政黨推薦,無黨籍及未經政黨推薦,無黨籍及未經政黨推薦,中國國民黨,無黨籍及未經政黨推薦,中國國民黨,中國國民黨,無黨籍及未經政黨推薦,無黨籍及未經政黨推薦
瑞穗鄉,瑞祥村,24.0,,42.0,,,16.0,12.0,,,無黨籍及未經政黨推薦,無黨籍及未經政黨推薦,無黨籍及未經政黨推薦,中國國民黨,無黨籍及未經政黨推薦,中國國民黨,中國國民黨,無黨籍及未經政黨推薦,無黨籍及未經政黨推薦
瑞穗鄉,瑞穗村,10.0,,24.0,,,10.0,4.0,,,無黨籍及未經政黨推薦,無黨籍及未經政黨推薦,無黨籍及未經政黨推薦,中國國民黨,無黨籍及未經政黨推薦,中國國民黨,中國國民黨,無黨籍及未經政黨推薦,無黨籍及未經政黨推薦
瑞穗鄉,瑞美村,10.0,,24.0,,,6.0,4.0,,,無黨籍及未經政黨推薦,無黨籍及未經政黨推薦,無黨籍及未經政黨推薦,中國國民黨,無黨籍及未經政黨推薦,中國國民黨,中國國民黨,無黨籍及未經政黨推薦,無黨籍及未經政黨推薦
瑞穗鄉,瑞良村,4.0,,2.0,,,0.0,2.0,,,無黨籍及未經政黨推薦,無黨籍及未經政黨推薦,無黨籍及未經政黨推薦,中國國民黨,無黨籍及未經政黨推薦,中國國民黨,中國國民黨,無黨籍及未經政黨推薦,無黨籍及未經政黨推薦
瑞穗鄉,舞鶴村,16.0,,20.0,,,22.0,4.0,,,無黨籍及未經政黨推薦,無黨籍及未經政黨推薦,無黨籍及未經政黨推薦,中國國民黨,無黨籍及未經政黨推薦,中國國民黨,中國國民黨,無黨籍及未經政黨推薦,無黨籍及未經政黨推薦
瑞穗鄉,鶴岡村,2.0,,0.0,,,0.0,0.0,,,無黨籍及未經政黨推薦,無黨籍及未經政黨推薦,無黨籍及未經政黨推薦,中國國民黨,無黨籍及未經政黨推薦,中國國民黨,中國國民黨,無黨籍及未經政黨推薦,無黨籍及未經政黨推薦
秀林鄉,佳民村,,394.0,,,504.0,,,,100.0,無黨籍及未經政黨推薦,無黨籍及未經政黨推薦,無黨籍及未經政黨推薦,中國國民黨,無黨籍及未經政黨推薦,中國國民黨,中國國民黨,無黨籍及未經政黨推薦,無黨籍及未經政黨推薦
秀林鄉,和平村,,372.0,,,900.0,,,,154.0,無黨籍及未經政黨推薦,無黨籍及未經政黨推薦,無黨籍及未經政黨推薦,中國國民黨,無黨籍及未經政黨推薦,中國國民黨,中國國民黨,無黨籍及未經政黨推薦,無黨籍及未經政黨推薦
秀林鄉,富世村,,364.0,,,1146.0,,,,398.0,無黨籍及未經政黨推薦,無黨籍及未經政黨推薦,無黨籍及未經政黨推薦,中國國民黨,無黨籍及未經政黨推薦,中國國民黨,中國國民黨,無黨籍及未經政黨推薦,無黨籍及未經政黨推薦
秀林鄉,崇德村,,222.0,,,1080.0,,,,196.0,無黨籍及未經政黨推薦,無黨籍及未經政黨推薦,無黨籍及未經政黨推薦,中國國民黨,無黨籍及未經政黨推薦,中國國民黨,中國國民黨,無黨籍及未經政黨推薦,無黨籍及未經政黨推薦
秀林鄉,文蘭村,,546.0,,,672.0,,,,166.0,無黨籍及未經政黨推薦,無黨籍及未經政黨推薦,無黨籍及未經政黨推薦,中國國民黨,無黨籍及未經政黨推薦,中國國民黨,中國國民黨,無黨籍及未經政黨推薦,無黨籍及未經政黨推薦
秀林鄉,景美村,,574.0,,,1186.0,,,,350.0,無黨籍及未經政黨推薦,無黨籍及未經政黨推薦,無黨籍及未經政黨推薦,中國國民黨,無黨籍及未經政黨推薦,中國國民黨,中國國民黨,無黨籍及未經政黨推薦,無黨籍及未經政黨推薦
秀林鄉,水源村,,386.0,,,786.0,,,,314.0,無黨籍及未經政黨推薦,無黨籍及未經政黨推薦,無黨籍及未經政黨推薦,中國國民黨,無黨籍及未經政黨推薦,中國國民黨,中國國民黨,無黨籍及未經政黨推薦,無黨籍及未經政黨推薦
秀林鄉,秀林村,,490.0,,,1124.0,,,,610.0,無黨籍及未經政黨推薦,無黨籍及未經政黨推薦,無黨籍及未經政黨推薦,中國國民黨,無黨籍及未經政黨推薦,中國國民黨,中國國民黨,無黨籍及未經政黨推薦,無黨籍及未經政黨推薦
秀林鄉,銅門村,,566.0,,,892.0,,,,174.0,無黨籍及未經政黨推薦,無黨籍及未經政黨推薦,無黨籍及未經政黨推薦,中國國民黨,無黨籍及未經政黨推薦,中國國民黨,中國國民黨,無黨籍及未經政黨推薦,無黨籍及未經政黨推薦
花蓮市,主信里,,0.0,,,2.0,,,,0.0,無黨籍及未經政黨推薦,無黨籍及未經政黨推薦,無黨籍及未經政黨推薦,中國國民黨,無黨籍及未經政黨推薦,中國國民黨,中國國民黨,無黨籍及未經政黨推薦,無黨籍及未經政黨推薦
花蓮市,主力里,,8.0,,,24.0,,,,18.0,無黨籍及未經政黨推薦,無黨籍及未經政黨推薦,無黨籍及未經政黨推薦,中國國民黨,無黨籍及未經政黨推薦,中國國民黨,中國國民黨,無黨籍及未經政黨推薦,無黨籍及未經政黨推薦
花蓮市,主勤里,,4.0,,,4.0,,,,0.0,無黨籍及未經政黨推薦,無黨籍及未經政黨推薦,無黨籍及未經政黨推薦,中國國民黨,無黨籍及未經政黨推薦,中國國民黨,中國國民黨,無黨籍及未經政黨推薦,無黨籍及未經政黨推薦
花蓮市,主和里,,6.0,,,8.0,,,,8.0,無黨籍及未經政黨推薦,無黨籍及未經政黨推薦,無黨籍及未經政黨推薦,中國國民黨,無黨籍及未經政黨推薦,中國國民黨,中國國民黨,無黨籍及未經政黨推薦,無黨籍及未經政黨推薦
花蓮市,主商里,,0.0,,,4.0,,,,2.0,無黨籍及未經政黨推薦,無黨籍及未經政黨推薦,無黨籍及未經政黨推薦,中國國民黨,無黨籍及未經政黨推薦,中國國民黨,中國國民黨,無黨籍及未經政黨推薦,無黨籍及未經政黨推薦
花蓮市,主學里,,8.0,,,2.0,,,,0.0,無黨籍及未經政黨推薦,無黨籍及未經政黨推薦,無黨籍及未經政黨推薦,中國國民黨,無黨籍及未經政黨推薦,中國國民黨,中國國民黨,無黨籍及未經政黨推薦,無黨籍及未經政黨推薦
花蓮市,主安里,,6.0,,,20.0,,,,14.0,無黨籍及未經政黨推薦,無黨籍及未經政黨推薦,無黨籍及未經政黨推薦,中國國民黨,無黨籍及未經政黨推薦,中國國民黨,中國國民黨,無黨籍及未經政黨推薦,無黨籍及未經政黨推薦
花蓮市,主工里,,0.0,,,0.0,,,,0.0,無黨籍及未經政黨推薦,無黨籍及未經政黨推薦,無黨籍及未經政黨推薦,中國國民黨,無黨籍及未經政黨推薦,中國國民黨,中國國民黨,無黨籍及未經政黨推薦,無黨籍及未經政黨推薦
花蓮市,主權里,,40.0,,,44.0,,,,18.0,無黨籍及未經政黨推薦,無黨籍及未經政黨推薦,無黨籍及未經政黨推薦,中國國民黨,無黨籍及未經政黨推薦,中國國民黨,中國國民黨,無黨籍及未經政黨推薦,無黨籍及未經政黨推薦
花蓮市,主睦里,,4.0,,,6.0,,,,0.0,無黨籍及未經政黨推薦,無黨籍及未經政黨推薦,無黨籍及未經政黨推薦,中國國民黨,無黨籍及未經政黨推薦,中國國民黨,中國國民黨,無黨籍及未經政黨推薦,無黨籍及未經政黨推薦
花蓮市,主義里,,4.0,,,4.0,,,,2.0,無黨籍及未經政黨推薦,無黨籍及未經政黨推薦,無黨籍及未經政黨推薦,中國國民黨,無黨籍及未經政黨推薦,中國國民黨,中國國民黨,無黨籍及未經政黨推薦,無黨籍及未經政黨推薦
花蓮市,主計里,,4.0,,,10.0,,,,6.0,無黨籍及未經政黨推薦,無黨籍及未經政黨推薦,無黨籍及未經政黨推薦,中國國民黨,無黨籍及未經政黨推薦,中國國民黨,中國國民黨,無黨籍及未經政黨推薦,無黨籍及未經政黨推薦
花蓮市,主農里,,8.0,,,44.0,,,,14.0,無黨籍及未經政黨推薦,無黨籍及未經政黨推薦,無黨籍及未經政黨推薦,中國國民黨,無黨籍及未經政黨推薦,中國國民黨,中國國民黨,無黨籍及未經政黨推薦,無黨籍及未經政黨推薦
花蓮市,國光里,,8.0,,,20.0,,,,4.0,無黨籍及未經政黨推薦,無黨籍及未經政黨推薦,無黨籍及未經政黨推薦,中國國民黨,無黨籍及未經政黨推薦,中國國民黨,中國國民黨,無黨籍及未經政黨推薦,無黨籍及未經政黨推薦
花蓮市,國威里,,0.0,,,4.0,,,,2.0,無黨籍及未經政黨推薦,無黨籍及未經政黨推薦,無黨籍及未經政黨推薦,中國國民黨,無黨籍及未經政黨推薦,中國國民黨,中國國民黨,無黨籍及未經政黨推薦,無黨籍及未經政黨推薦
花蓮市,國安里,,8.0,,,8.0,,,,2.0,無黨籍及未經政黨推薦,無黨籍及未經政黨推薦,無黨籍及未經政黨推薦,中國國民黨,無黨籍及未經政黨推薦,中國國民黨,中國國民黨,無黨籍及未經政黨推薦,無黨籍及未經政黨推薦
花蓮市,國富里,,30.0,,,62.0,,,,8.0,無黨籍及未經政黨推薦,無黨籍及未經政黨推薦,無黨籍及未經政黨推薦,中國國民黨,無黨籍及未經政黨推薦,中國國民黨,中國國民黨,無黨籍及未經政黨推薦,無黨籍及未經政黨推薦
花蓮市,國強里,,8.0,,,16.0,,,,2.0,無黨籍及未經政黨推薦,無黨籍及未經政黨推薦,無黨籍及未經政黨推薦,中國國民黨,無黨籍及未經政黨推薦,中國國民黨,中國國民黨,無黨籍及未經政黨推薦,無黨籍及未經政黨推薦
花蓮市,國慶里,,0.0,,,6.0,,,,8.0,無黨籍及未經政黨推薦,無黨籍及未經政黨推薦,無黨籍及未經政黨推薦,中國國民黨,無黨籍及未經政黨推薦,中國國民黨,中國國民黨,無黨籍及未經政黨推薦,無黨籍及未經政黨推薦
花蓮市,國治里,,6.0,,,2.0,,,,0.0,無黨籍及未經政黨推薦,無黨籍及未經政黨推薦,無黨籍及未經政黨推薦,中國國民黨,無黨籍及未經政黨推薦,中國國民黨,中國國民黨,無黨籍及未經政黨推薦,無黨籍及未經政黨推薦
花蓮市,國盛里,,34.0,,,64.0,,,,24.0,無黨籍及未經政黨推薦,無黨籍及未經政黨推薦,無黨籍及未經政黨推薦,中國國民黨,無黨籍及未經政黨推薦,中國國民黨,中國國民黨,無黨籍及未經政黨推薦,無黨籍及未經政黨推薦
花蓮市,國福里,,10.0,,,30.0,,,,12.0,無黨籍及未經政黨推薦,無黨籍及未經政黨推薦,無黨籍及未經政黨推薦,中國國民黨,無黨籍及未經政黨推薦,中國國民黨,中國國民黨,無黨籍及未經政黨推薦,無黨籍及未經政黨推薦
花蓮市,國聯里,,10.0,,,36.0,,,,18.0,無黨籍及未經政黨推薦,無黨籍及未經政黨推薦,無黨籍及未經政黨推薦,中國國民黨,無黨籍及未經政黨推薦,中國國民黨,中國國民黨,無黨籍及未經政黨推薦,無黨籍及未經政黨推薦
花蓮市,國興里,,30.0,,,64.0,,,,16.0,無黨籍及未經政黨推薦,無黨籍及未經政黨推薦,無黨籍及未經政黨推薦,中國國民黨,無黨籍及未經政黨推薦,中國國民黨,中國國民黨,無黨籍及未經政黨推薦,無黨籍及未經政黨推薦
花蓮市,國華里,,2.0,,,10.0,,,,0.0,無黨籍及未經政黨推薦,無黨籍及未經政黨推薦,無黨籍及未經政黨推薦,中國國民黨,無黨籍及未經政黨推薦,中國國民黨,中國國民黨,無黨籍及未經政黨推薦,無黨籍及未經政黨推薦
花蓮市,國裕里,,22.0,,,40.0,,,,10.0,無黨籍及未經政黨推薦,無黨籍及未經政黨推薦,無黨籍及未經政黨推薦,中國國民黨,無黨籍及未經政黨推薦,中國國民黨,中國國民黨,無黨籍及未經政黨推薦,無黨籍及未經政黨推薦
花蓮市,國防里,,6.0,,,6.0,,,,6.0,無黨籍及未經政黨推薦,無黨籍及未經政黨推薦,無黨籍及未經政黨推薦,中國國民黨,無黨籍及未經政黨推薦,中國國民黨,中國國民黨,無黨籍及未經政黨推薦,無黨籍及未經政黨推薦
花蓮市,國風里,,12.0,,,30.0,,,,0.0,無黨籍及未經政黨推薦,無黨籍及未經政黨推薦,無黨籍及未經政黨推薦,中國國民黨,無黨籍及未經政黨推薦,中國國民黨,中國國民黨,無黨籍及未經政黨推薦,無黨籍及未經政黨推薦
花蓮市,國魂里,,10.0,,,16.0,,,,8.0,無黨籍及未經政黨推薦,無黨籍及未經政黨推薦,無黨籍及未經政黨推薦,中國國民黨,無黨籍及未經政黨推薦,中國國民黨,中國國民黨,無黨籍及未經政黨推薦,無黨籍及未經政黨推薦
花蓮市,民主里,,0.0,,,8.0,,,,2.0,無黨籍及未經政黨推薦,無黨籍及未經政黨推薦,無黨籍及未經政黨推薦,中國國民黨,無黨籍及未經政黨推薦,中國國民黨,中國國民黨,無黨籍及未經政黨推薦,無黨籍及未經政黨推薦
花蓮市,民享里,,18.0,,,70.0,,,,16.0,無黨籍及未經政黨推薦,無黨籍及未經政黨推薦,無黨籍及未經政黨推薦,中國國民黨,無黨籍及未經政黨推薦,中國國民黨,中國國民黨,無黨籍及未經政黨推薦,無黨籍及未經政黨推薦
花蓮市,民勤里,,26.0,,,94.0,,,,32.0,無黨籍及未經政黨推薦,無黨籍及未經政黨推薦,無黨籍及未經政黨推薦,中國國民黨,無黨籍及未經政黨推薦,中國國民黨,中國國民黨,無黨籍及未經政黨推薦,無黨籍及未經政黨推薦
花蓮市,民孝里,,44.0,,,82.0,,,,16.0,無黨籍及未經政黨推薦,無黨籍及未經政黨推薦,無黨籍及未經政黨推薦,中國國民黨,無黨籍及未經政黨推薦,中國國民黨,中國國民黨,無黨籍及未經政黨推薦,無黨籍及未經政黨推薦
花蓮市,民德里,,16.0,,,10.0,,,,8.0,無黨籍及未經政黨推薦,無黨籍及未經政黨推薦,無黨籍及未經政黨推薦,中國國民黨,無黨籍及未經政黨推薦,中國國民黨,中國國民黨,無黨籍及未經政黨推薦,無黨籍及未經政黨推薦
花蓮市,民心里,,8.0,,,6.0,,,,4.0,無黨籍及未經政黨推薦,無黨籍及未經政黨推薦,無黨籍及未經政黨推薦,中國國民黨,無黨籍及未經政黨推薦,中國國民黨,中國國民黨,無黨籍及未經政黨推薦,無黨籍及未經政黨推薦
花蓮市,民意里,,34.0,,,88.0,,,,22.0,無黨籍及未經政黨推薦,無黨籍及未經政黨推薦,無黨籍及未經政黨推薦,中國國民黨,無黨籍及未經政黨推薦,中國國民黨,中國國民黨,無黨籍及未經政黨推薦,無黨籍及未經政黨推薦
花蓮市,民政里,,20.0,,,60.0,,,,18.0,無黨籍及未經政黨推薦,無黨籍及未經政黨推薦,無黨籍及未經政黨推薦,中國國民黨,無黨籍及未經政黨推薦,中國國民黨,中國國民黨,無黨籍及未經政黨推薦,無黨籍及未經政黨推薦
花蓮市,民族里,,2.0,,,4.0,,,,0.0,無黨籍及未經政黨推薦,無黨籍及未經政黨推薦,無黨籍及未經政黨推薦,中國國民黨,無黨籍及未經政黨推薦,中國國民黨,中國國民黨,無黨籍及未經政黨推薦,無黨籍及未經政黨推薦
花蓮市,民有里,,0.0,,,8.0,,,,0.0,無黨籍及未經政黨推薦,無黨籍及未經政黨推薦,無黨籍及未經政黨推薦,中國國民黨,無黨籍及未經政黨推薦,中國國民黨,中國國民黨,無黨籍及未經政黨推薦,無黨籍及未經政黨推薦
花蓮市,民樂里,,0.0,,,12.0,,,,4.0,無黨籍及未經政黨推薦,無黨籍及未經政黨推薦,無黨籍及未經政黨推薦,中國國民黨,無黨籍及未經政黨推薦,中國國民黨,中國國民黨,無黨籍及未經政黨推薦,無黨籍及未經政黨推薦
花蓮市,民權里,,0.0,,,4.0,,,,0.0,無黨籍及未經政黨推薦,無黨籍及未經政黨推薦,無黨籍及未經政黨推薦,中國國民黨,無黨籍及未經政黨推薦,中國國民黨,中國國民黨,無黨籍及未經政黨推薦,無黨籍及未經政黨推薦
花蓮市,民生里,,0.0,,,6.0,,,,0.0,無黨籍及未經政黨推薦,無黨籍及未經政黨推薦,無黨籍及未經政黨推薦,中國國民黨,無黨籍及未經政黨推薦,中國國民黨,中國國民黨,無黨籍及未經政黨推薦,無黨籍及未經政黨推薦
花蓮市,民立里,,4.0,,,12.0,,,,0.0,無黨籍及未經政黨推薦,無黨籍及未經政黨推薦,無黨籍及未經政黨推薦,中國國民黨,無黨籍及未經政黨推薦,中國國民黨,中國國民黨,無黨籍及未經政黨推薦,無黨籍及未經政黨推薦
花蓮市,民運里,,10.0,,,22.0,,,,8.0,無黨籍及未經政黨推薦,無黨籍及未經政黨推薦,無黨籍及未經政黨推薦,中國國民黨,無黨籍及未經政黨推薦,中國國民黨,中國國民黨,無黨籍及未經政黨推薦,無黨籍及未經政黨推薦
萬榮鄉,明利村,106.0,,224.0,,,332.0,194.0,,,無黨籍及未經政黨推薦,無黨籍及未經政黨推薦,無黨籍及未經政黨推薦,中國國民黨,無黨籍及未經政黨推薦,中國國民黨,中國國民黨,無黨籍及未經政黨推薦,無黨籍及未經政黨推薦
萬榮鄉,紅葉村,468.0,,808.0,,,118.0,166.0,,,無黨籍及未經政黨推薦,無黨籍及未經政黨推薦,無黨籍及未經政黨推薦,中國國民黨,無黨籍及未經政黨推薦,中國國民黨,中國國民黨,無黨籍及未經政黨推薦,無黨籍及未經政黨推薦
萬榮鄉,萬榮村,164.0,,358.0,,,228.0,308.0,,,無黨籍及未經政黨推薦,無黨籍及未經政黨推薦,無黨籍及未經政黨推薦,中國國民黨,無黨籍及未經政黨推薦,中國國民黨,中國國民黨,無黨籍及未經政黨推薦,無黨籍及未經政黨推薦
萬榮鄉,西林村,244.0,,348.0,,,290.0,512.0,,,無黨籍及未經政黨推薦,無黨籍及未經政黨推薦,無黨籍及未經政黨推薦,中國國民黨,無黨籍及未經政黨推薦,中國國民黨,中國國民黨,無黨籍及未經政黨推薦,無黨籍及未經政黨推薦
萬榮鄉,見晴村,182.0,,278.0,,,236.0,88.0,,,無黨籍及未經政黨推薦,無黨籍及未經政黨推薦,無黨籍及未經政黨推薦,中國國民黨,無黨籍及未經政黨推薦,中國國民黨,中國國民黨,無黨籍及未經政黨推薦,無黨籍及未經政黨推薦
萬榮鄉,馬遠村,290.0,,794.0,,,186.0,252.0,,,無黨籍及未經政黨推薦,無黨籍及未經政黨推薦,無黨籍及未經政黨推薦,中國國民黨,無黨籍及未經政黨推薦,中國國民黨,中國國民黨,無黨籍及未經政黨推薦,無黨籍及未經政黨推薦
豐濱鄉,新社村,0.0,,4.0,,,4.0,0.0,,,無黨籍及未經政黨推薦,無黨籍及未經政黨推薦,無黨籍及未經政黨推薦,中國國民黨,無黨籍及未經政黨推薦,中國國民黨,中國國民黨,無黨籍及未經政黨推薦,無黨籍及未經政黨推薦
豐濱鄉,港口村,0.0,,0.0,,,0.0,0.0,,,無黨籍及未經政黨推薦,無黨籍及未經政黨推薦,無黨籍及未經政黨推薦,中國國民黨,無黨籍及未經政黨推薦,中國國民黨,中國國民黨,無黨籍及未經政黨推薦,無黨籍及未經政黨推薦
豐濱鄉,磯崎村,2.0,,30.0,,,6.0,40.0,,,無黨籍及未經政黨推薦,無黨籍及未經政黨推薦,無黨籍及未經政黨推薦,中國國民黨,無黨籍及未經政黨推薦,中國國民黨,中國國民黨,無黨籍及未經政黨推薦,無黨籍及未經政黨推薦
豐濱鄉,豐濱村,6.0,,4.0,,,2.0,8.0,,,無黨籍及未經政黨推薦,無黨籍及未經政黨推薦,無黨籍及未經政黨推薦,中國國民黨,無黨籍及未經政黨推薦,中國國民黨,中國國民黨,無黨籍及未經政黨推薦,無黨籍及未經政黨推薦
豐濱鄉,靜浦村,0.0,,0.0,,,0.0,2.0,,,無黨籍及未經政黨推薦,無黨籍及未經政黨推薦,無黨籍及未經政黨推薦,中國國民黨,無黨籍及未經政黨推薦,中國國民黨,中國國民黨,無黨籍及未經政黨推薦,無黨籍及未經政黨推薦
鳳林鎮,北林里,0.0,,6.0,,,6.0,2.0,,,無黨籍及未經政黨推薦,無黨籍及未經政黨推薦,無黨籍及未經政黨推薦,中國國民黨,無黨籍及未經政黨推薦,中國國民黨,中國國民黨,無黨籍及未經政黨推薦,無黨籍及未經政黨推薦
鳳林鎮,南平里,6.0,,0.0,,,6.0,2.0,,,無黨籍及未經政黨推薦,無黨籍及未經政黨推薦,無黨籍及未經政黨推薦,中國國民黨,無黨籍及未經政黨推薦,中國國民黨,中國國民黨,無黨籍及未經政黨推薦,無黨籍及未經政黨推薦
鳳林鎮,大榮里,2.0,,16.0,,,2.0,28.0,,,無黨籍及未經政黨推薦,無黨籍及未經政黨推薦,無黨籍及未經政黨推薦,中國國民黨,無黨籍及未經政黨推薦,中國國民黨,中國國民黨,無黨籍及未經政黨推薦,無黨籍及未經政黨推薦
鳳林鎮,山興里,0.0,,2.0,,,4.0,0.0,,,無黨籍及未經政黨推薦,無黨籍及未經政黨推薦,無黨籍及未經政黨推薦,中國國民黨,無黨籍及未經政黨推薦,中國國民黨,中國國民黨,無黨籍及未經政黨推薦,無黨籍及未經政黨推薦
鳳林鎮,林榮里,18.0,,6.0,,,18.0,6.0,,,無黨籍及未經政黨推薦,無黨籍及未經政黨推薦,無黨籍及未經政黨推薦,中國國民黨,無黨籍及未經政黨推薦,中國國民黨,中國國民黨,無黨籍及未經政黨推薦,無黨籍及未經政黨推薦
鳳林鎮,森榮里,0.0,,0.0,,,0.0,2.0,,,無黨籍及未經政黨推薦,無黨籍及未經政黨推薦,無黨籍及未經政黨推薦,中國國民黨,無黨籍及未經政黨推薦,中國國民黨,中國國民黨,無黨籍及未經政黨推薦,無黨籍及未經政黨推薦
鳳林鎮,長橋里,0.0,,54.0,,,4.0,26.0,,,無黨籍及未經政黨推薦,無黨籍及未經政黨推薦,無黨籍及未經政黨推薦,中國國民黨,無黨籍及未經政黨推薦,中國國民黨,中國國民黨,無黨籍及未經政黨推薦,無黨籍及未經政黨推薦
鳳林鎮,鳳仁里,0.0,,10.0,,,8.0,8.0,,,無黨籍及未經政黨推薦,無黨籍及未經政黨推薦,無黨籍及未經政黨推薦,中國國民黨,無黨籍及未經政黨推薦,中國國民黨,中國國民黨,無黨籍及未經政黨推薦,無黨籍及未經政黨推薦
鳳林鎮,鳳信里,8.0,,18.0,,,14.0,24.0,,,無黨籍及未經政黨推薦,無黨籍及未經政黨推薦,無黨籍及未經政黨推薦,中國國民黨,無黨籍及未經政黨推薦,中國國民黨,中國國民黨,無黨籍及未經政黨推薦,無黨籍及未經政黨推薦
鳳林鎮,鳳智里,0.0,,16.0,,,14.0,10.0,,,無黨籍及未經政黨推薦,無黨籍及未經政黨推薦,無黨籍及未經政黨推薦,中國國民黨,無黨籍及未經政黨推薦,中國國民黨,中國國民黨,無黨籍及未經政黨推薦,無黨籍及未經政黨推薦
鳳林鎮,鳳禮里,4.0,,2.0,,,0.0,2.0,,,無黨籍及未經政黨推薦,無黨籍及未經政黨推薦,無黨籍及未經政黨推薦,中國國民黨,無黨籍及未經政黨推薦,中國國民黨,中國國民黨,無黨籍及未經政黨推薦,無黨籍及未經政黨推薦
鳳林鎮,鳳義里,0.0,,0.0,,,0.0,2.0,,,無黨籍及未經政黨推薦,無黨籍及未經政黨推薦,無黨籍及未經政黨推薦,中國國民黨,無黨籍及未經政黨推薦,中國國民黨,中國國民黨,無黨籍及未經政黨推薦,無黨籍及未經政黨推薦
